index,bus,origbus,origid,bus_type,fuel,unit_type,pmax,pmin,status,cost_startup,cost_shutdown,min_ut,min_dt,start_time,is_fs,ramping_mw_per_min,forced_outage_rate,in_contingency,reserve_qualification,dispatchable,pwlc_slope_0,pwlc_intercept_0,pwlc_slope_1,pwlc_intercept_1,pwlc_slope_2,pwlc_intercept_2,pwlc_y_0,pwlc_x_0,pwlc_y_1,pwlc_x_1,pwlc_y_2,pwlc_x_2,pwlc_y_3,pwlc_x_3
0,10,3502,1,Slack,nuclear,ST (Steam Turbine),1299,0,1,0,0,24,48,24,0,20,0.12,1,0,1,412,0,412,0,412,0,0,0,1783.96,4.33,3567.92,8.66,5351.88,12.99
1,11,3503,1,PV,nuclear,ST (Steam Turbine),1012,0,1,0,0,24,48,24,0,20,0.12,1,0,1,412,0,412,0,412,0,0,0,1389.813333,3.373333333,2779.626667,6.746666667,4169.44,10.12
2,12,3504,1,PV,rfo,ST (Steam Turbine),901.8,45,1,0,0,0,0,4,0,901.8,0,1,1,1,7095.64,7776.407,7609.72,6076.85852,8123.8,2909.09756,10969.445,0.45,31234.59284,3.306,52967.95316,6.162,76169.52596,9.018
3,12,3504,2,PV,rfo,ST (Steam Turbine),901.8,45,1,0,0,0,0,4,0,901.8,0,1,1,1,7095.64,7776.407,7609.72,6076.85852,8123.8,2909.09756,10969.445,0.45,31234.59284,3.306,52967.95316,6.162,76169.52596,9.018
4,13,3505,1,PQ (Gens at Var Limit),rfo,ST (Steam Turbine),883,1,1,0,0,0,0,4,0,883,0,1,1,1,7024,7758.245,7553.2,6197.105,8082.4,3080.117,7828.485,0.01,28479.045,2.95,50685.453,5.89,74447.709,8.83
5,14,3506,1,PV (Local/Remote Reg Master),nuclear,ST (Steam Turbine),882,0,1,0,0,24,48,24,0,20,0.12,1,0,1,412,0,412,0,412,0,0,0,1211.28,2.94,2422.56,5.88,3633.84,8.82
6,15,3507,1,PV,coal,ST (Steam Turbine),655.1,150,1,0,0,24,48,12,0,4,0.08,1,1,1,1403.673333,922.06,1471.02,707.6506622,1538.366667,379.8519867,3027.57,1.5,5390.888002,3.183666667,7867.595342,4.867333333,10457.69202,6.551
7,16,3508,1,PQ (Remote Reg Slave),nuclear,ST (Steam Turbine),1259.3,75,1,0,0,24,48,24,0,20,0.12,1,0,1,412,0,412,0,412,0,309,0.75,1935.438667,4.697666667,3561.877333,8.645333333,5188.316,12.593
8,16,3508,2,PQ (Remote Reg Slave),nuclear,ST (Steam Turbine),641.8,105,1,0,0,24,48,24,0,20,0.12,1,0,1,412,0,412,0,412,0,432.6,1.05,1169.805333,2.839333333,1907.010667,4.628666667,2644.216,6.418
9,17,3509,1,PQ (Gens at Var Limit),ng,ST (Steam Turbine),621,100,1,0,0,8,4.5,4,0,4,0.03,1,1,1,2226.8,1433.8,2331,1148.639333,2435.2,682.518,3660.6,1,7527.809333,2.736666667,11575.97933,4.473333333,15805.11,6.21
10,17,3509,2,PQ (Gens at Var Limit),ng,ST (Steam Turbine),621,80,1,0,0,8,4.5,4,0,4,0.03,1,1,1,2216.8,1453.42,2325,1171.739333,2433.2,694.938,3226.86,0.8,7224.489333,2.603333333,11417.23933,4.406666667,15805.11,6.21
11,18,3510,1,PV,ng,ST (Steam Turbine),621,140,1,0,0,8,4.5,4,0,4,0.03,1,1,1,2248.3,1391.2,2344.5,1102.279333,2440.7,659.118,4538.82,1.4,8143.594333,3.003333333,11902.60933,4.606666667,15815.865,6.21
12,18,3510,2,PV,ng,ST (Steam Turbine),621,140,1,0,0,8,4.5,4,0,4,0.03,1,1,1,2248.3,1391.2,2344.5,1102.279333,2440.7,659.118,4538.82,1.4,8143.594333,3.003333333,11902.60933,4.606666667,15815.865,6.21
13,19,3511,1,PV,nuclear,ST (Steam Turbine),614,291,1,0,0,24,48,24,0,20,0.12,1,0,1,0,0,0,0,0,0,0,2.91,0,3.986666667,0,5.063333333,0,6.14
14,20,3512,1,PV,ng,CA (Combined Cycle Steam Part),148.4,11,1,0,0,2,2,4,0,4,0.03,1,1,1,1171.66,2229.8664,1464.78,2063.37424,1757.9,1762.63312,2358.749,0.11,2895.36928,0.568,3566.23852,1.026,4371.35672,1.484
15,20,3512,2,PV,ng,CA (Combined Cycle Steam Part),223,78.5,1,0,0,8,4.5,4,0,4,0.03,1,1,1,1550.55,2041.14,1637.25,1931.32,1723.95,1779.7395,3258.32175,0.785,4005.17,1.266666667,4793.77875,1.748333333,5624.148,2.23
16,20,3512,3,PV,ng,CA (Combined Cycle Steam Part),223,78.5,1,0,0,8,4.5,4,0,4,0.03,1,1,1,1550.55,2041.14,1637.25,1931.32,1723.95,1779.7395,3258.32175,0.785,4005.17,1.266666667,4793.77875,1.748333333,5624.148,2.23
17,20,3512,4,PV,ng,CT (Combined Cycle Combustion Turbine Part),95.2,45,1,0,0,2,2,1,1,4,0.03,1,1,1,1973.26,563.038,2003.38,544.44392,2033.5,520.80976,1451.005,0.45,1781.197173,0.617333333,2116.429427,0.784666667,2456.70176,0.952
18,20,3512,5,PV,ng,CT (Combined Cycle Combustion Turbine Part),95.2,45,1,0,0,2,2,1,1,4,0.03,1,1,1,1973.26,563.038,2003.38,544.44392,2033.5,520.80976,1451.005,0.45,1781.197173,0.617333333,2116.429427,0.784666667,2456.70176,0.952
19,20,3512,6,PV,ng,CT (Combined Cycle Combustion Turbine Part),95.2,45,1,0,0,2,2,1,1,4,0.03,1,1,1,1973.26,563.038,2003.38,544.44392,2033.5,520.80976,1451.005,0.45,1781.197173,0.617333333,2116.429427,0.784666667,2456.70176,0.952
20,21,3513,1,PV,ng,ST (Steam Turbine),387,40,1,0,0,8,4.5,4,0,4,0.03,1,1,1,2217.4,873.09,2356.2,657.0246667,2495,280.414,1760.05,0.4,4324.842667,1.556666667,7050.180667,2.713333333,9936.064,3.87
21,21,3513,2,PV,ng,ST (Steam Turbine),387,40,1,0,0,8,4.5,4,0,4,0.03,1,1,1,2217.3,873.09,2356.1,657.0246667,2494.9,280.414,1760.01,0.4,4324.687,1.556666667,7049.909333,2.713333333,9935.677,3.87
22,21,3513,3,PV,ng,ST (Steam Turbine),387,40,1,0,0,8,4.5,4,0,4,0.03,1,1,1,2217.3,873.09,2356.1,657.0246667,2494.9,280.414,1760.01,0.4,4324.687,1.556666667,7049.909333,2.713333333,9935.677,3.87
23,21,3513,4,PV,ng,ST (Steam Turbine),387,30,1,0,0,8,4.5,4,0,4,0.03,1,1,1,2207.3,883.63,2350.1,670.858,2492.9,288.154,1545.82,0.3,4172.507,1.49,6969.126,2.68,9935.677,3.87
24,22,3514,1,PV,ng,ST (Steam Turbine),535.5,150,1,0,0,8,4.5,4,0,4,0.03,1,1,1,2239.05,1167.875,2316.15,953.1515,2393.25,639.3545,4526.45,1.5,7403.62925,2.785,10379.882,4.07,13455.20825,5.355
25,22,3514,2,PV,ng,ST (Steam Turbine),342,90,1,0,0,8,4.5,4,0,4,0.03,1,1,1,2277.2,761.03,2378,585.638,2478.8,325.574,2810.51,0.9,4723.358,1.74,6720.878,2.58,8803.07,3.42
26,23,3515,1,PV,ng,ST (Steam Turbine),188,15,1,0,0,2,2,4,0,4,0.03,1,1,1,2320.333333,516.38,2447.2,424.1902222,2574.066667,258.8406667,864.43,0.15,2202.488889,0.726666667,3613.707556,1.303333333,5098.086,1.88
27,23,3515,10,PV,ng,GT (Gas Turbine),25.933,18.488,1,0,0,2,2,1,1,4,0.03,1,1,1,6095.428833,2892.611564,6097.9105,2892.091167,6100.392167,2891.509183,4019.534447,0.18488,4170.802672,0.209696667,4322.132485,0.234513333,4473.523883,0.25933
28,23,3515,11,PV,ng,GT (Gas Turbine),25.933,18.488,1,0,0,2,2,1,1,4,0.03,1,1,1,6095.428833,2892.611564,6097.9105,2892.091167,6100.392167,2891.509183,4019.534447,0.18488,4170.802672,0.209696667,4322.132485,0.234513333,4473.523883,0.25933
29,23,3515,12,PV,ng,GT (Gas Turbine),25.933,18.488,1,0,0,2,2,1,1,4,0.03,1,1,1,6095.428833,2892.611564,6097.9105,2892.091167,6100.392167,2891.509183,4019.534447,0.18488,4170.802672,0.209696667,4322.132485,0.234513333,4473.523883,0.25933
30,23,3515,13,PV,ng,GT (Gas Turbine),25.933,18.488,1,0,0,2,2,1,1,4,0.03,1,1,1,6095.428833,2892.611564,6097.9105,2892.091167,6100.392167,2891.509183,4019.534447,0.18488,4170.802672,0.209696667,4322.132485,0.234513333,4473.523883,0.25933
31,23,3515,14,PV,ng,GT (Gas Turbine),25.933,18.488,1,0,0,2,2,1,1,4,0.03,1,1,1,6095.428833,2892.611564,6097.9105,2892.091167,6100.392167,2891.509183,4019.534447,0.18488,4170.802672,0.209696667,4322.132485,0.234513333,4473.523883,0.25933
32,23,3515,2,PV,ng,ST (Steam Turbine),188,15,1,0,0,2,2,4,0,4,0.03,1,1,1,6119.533333,2889.1,6177.2,2847.195556,6234.866667,2772.036667,3807.03,0.15,7335.960889,0.726666667,10898.14622,1.303333333,14493.586,1.88
33,23,3515,3,PV,ng,GT (Gas Turbine),25.933,18.488,1,0,0,2,2,1,1,4,0.03,1,1,1,6095.428833,2892.611564,6097.9105,2892.091167,6100.392167,2891.509183,4019.534447,0.18488,4170.802672,0.209696667,4322.132485,0.234513333,4473.523883,0.25933
34,23,3515,4,PV,ng,GT (Gas Turbine),25.933,18.488,1,0,0,2,2,1,1,4,0.03,1,1,1,6095.428833,2892.611564,6097.9105,2892.091167,6100.392167,2891.509183,4019.534447,0.18488,4170.802672,0.209696667,4322.132485,0.234513333,4473.523883,0.25933
35,23,3515,5,PV,ng,GT (Gas Turbine),25.933,18.488,1,0,0,2,2,1,1,4,0.03,1,1,1,6095.428833,2892.611564,6097.9105,2892.091167,6100.392167,2891.509183,4019.534447,0.18488,4170.802672,0.209696667,4322.132485,0.234513333,4473.523883,0.25933
36,23,3515,6,PV,ng,GT (Gas Turbine),25.933,18.488,1,0,0,2,2,1,1,4,0.03,1,1,1,6095.428833,2892.611564,6097.9105,2892.091167,6100.392167,2891.509183,4019.534447,0.18488,4170.802672,0.209696667,4322.132485,0.234513333,4473.523883,0.25933
37,23,3515,7,PV,ng,GT (Gas Turbine),25.933,18.488,1,0,0,2,2,1,1,4,0.03,1,1,1,2267.303433,524.1054408,2272.7631,522.9605669,2278.222767,521.6802023,943.2844996,0.18488,999.5514131,0.209696667,1055.953817,0.234513333,1112.491712,0.25933
38,23,3515,8,PV,ng,GT (Gas Turbine),25.933,18.488,1,0,0,2,2,1,1,4,0.03,1,1,1,6095.428833,2892.611564,6097.9105,2892.091167,6100.392167,2891.509183,4019.534447,0.18488,4170.802672,0.209696667,4322.132485,0.234513333,4473.523883,0.25933
39,23,3515,9,PV,ng,GT (Gas Turbine),25.933,18.488,1,0,0,2,2,1,1,4,0.03,1,1,1,6095.428833,2892.611564,6097.9105,2892.091167,6100.392167,2891.509183,4019.534447,0.18488,4170.802672,0.209696667,4322.132485,0.234513333,4473.523883,0.25933
40,24,3516,1,PV,ng,CA (Combined Cycle Steam Part),141,90,1,0,0,2,2,4,0,4,0.03,1,1,1,1585.1,1941.7,1693.9,1825.284,1802.7,1690.372,3368.29,0.9,3637.757,1.07,3925.72,1.24,4232.179,1.41
41,24,3516,2,PV,ng,CA (Combined Cycle Steam Part),141,90,1,0,0,2,2,4,0,4,0.03,1,1,1,1585.1,1941.7,1693.9,1825.284,1802.7,1690.372,3368.29,0.9,3637.757,1.07,3925.72,1.24,4232.179,1.41
42,24,3516,3,PV,ng,CA (Combined Cycle Steam Part),141,90,1,0,0,2,2,4,0,4,0.03,1,1,1,1585.1,1941.7,1693.9,1825.284,1802.7,1690.372,3368.29,0.9,3637.757,1.07,3925.72,1.24,4232.179,1.41
43,24,3516,4,PV,ng,CT (Combined Cycle Combustion Turbine Part),300,194,1,0,0,8,4.5,1,1,4,0.03,1,1,1,2240.466667,-163.0073333,2424.2,-584.3691111,2607.933333,-1070.65,4183.498,1.94,4975.129556,2.293333333,5831.680222,2.646666667,6753.15,3
44,24,3516,5,PV,ng,CT (Combined Cycle Combustion Turbine Part),300,194,1,0,0,8,4.5,1,1,4,0.03,1,1,1,2240.466667,-163.0073333,2424.2,-584.3691111,2607.933333,-1070.65,4183.498,1.94,4975.129556,2.293333333,5831.680222,2.646666667,6753.15,3
45,24,3516,6,PV,ng,CT (Combined Cycle Combustion Turbine Part),300,194,1,0,0,8,4.5,1,1,4,0.03,1,1,1,2240.466667,-163.0073333,2424.2,-584.3691111,2607.933333,-1070.65,4183.498,1.94,4975.129556,2.293333333,5831.680222,2.646666667,6753.15,3
46,25,3517,1,PQ (Gens at Var Limit),hydro,PS (Hydro Pumped Storage),250,1,1,0,0,0,0,0,0,50,0.01,1,0,1,1564.4,302.804,1713.8,177.308,1863.2,-72.19,318.448,0.01,1616.9,0.84,3039.354,1.67,4585.81,2.5
47,25,3517,2,PQ (Gens at Var Limit),hydro,PS (Hydro Pumped Storage),250,1,1,0,0,0,0,0,0,50,0.01,1,0,1,1564.4,302.804,1713.8,177.308,1863.2,-72.19,318.448,0.01,1616.9,0.84,3039.354,1.67,4585.81,2.5
48,25,3517,3,PQ (Gens at Var Limit),hydro,PS (Hydro Pumped Storage),250,1,1,0,0,0,0,0,0,50,0.01,1,0,1,1564.4,302.804,1713.8,177.308,1863.2,-72.19,318.448,0.01,1616.9,0.84,3039.354,1.67,4585.81,2.5
49,25,3517,4,PQ (Gens at Var Limit),hydro,PS (Hydro Pumped Storage),250,1,1,0,0,0,0,0,0,50,0.01,1,0,1,1564.4,302.804,1713.8,177.308,1863.2,-72.19,318.448,0.01,1616.9,0.84,3039.354,1.67,4585.81,2.5
50,26,3518,1,PQ (Gens at Var Limit),ng,CA (Combined Cycle Steam Part),152.7,80,1,0,0,2,2,4,0,4,0.03,1,1,1,1544.246667,1983.022667,1699.34,1821.363716,1854.433333,1622.12048,3218.42,0.8,3592.642442,1.042333333,4004.449169,1.284666667,4453.84018,1.527
51,26,3518,2,PQ (Gens at Var Limit),ng,CT (Combined Cycle Combustion Turbine Part),196.2,125,1,0,0,2,2,1,1,4,0.03,1,1,1,2123.56,420.715,2166.28,357.17612,2209,283.49836,3075.165,1.25,3579.156573,1.487333333,4093.287027,1.724666667,4617.55636,1.962
52,27,3519,1,PQ (Gens at Var Limit),ng,ST (Steam Turbine),200,65,1,0,0,2,2,4,0,4,0.03,1,1,1,2395.5,474.5,2494.5,365.6,2593.5,212.15,2031.575,0.65,3109.55,1.1,4232.075,1.55,5399.15,2
53,27,3519,2,PQ (Gens at Var Limit),ng,ST (Steam Turbine),156.2,45,1,0,0,2,2,4,0,4,0.03,1,1,1,2457.493333,399.848,2561.28,314.6737422,2665.066667,191.0292267,1505.72,0.45,2416.630862,0.820666667,3366.011982,1.191333333,4353.86336,1.562
54,27,3519,3,PQ (Gens at Var Limit),ng,GT (Gas Turbine),180,110,1,0,0,2,2,1,1,4,0.03,1,1,1,6197.366667,2821.216667,6220.7,2790.105556,6244.033333,2753.55,9638.32,1.1,11084.37222,1.333333333,12535.86889,1.566666667,13992.81,1.8
55,27,3519,4,PQ (Gens at Var Limit),ng,GT (Gas Turbine),180,110,1,0,0,2,2,1,1,4,0.03,1,1,1,6197.366667,2821.216667,6220.7,2790.105556,6244.033333,2753.55,9638.32,1.1,11084.37222,1.333333333,12535.86889,1.566666667,13992.81,1.8
56,28,3520,1,PQ (Gens at Var Limit),ng,ST (Steam Turbine),180,60,1,0,0,2,2,4,0,4,0.03,1,1,1,2423.7,449.25,2519.7,353.25,2615.7,218.85,1903.47,0.6,2872.95,1,3880.83,1.4,4927.11,1.8
57,28,3520,2,PQ (Gens at Var Limit),ng,ST (Steam Turbine),376,75,1,0,0,8,4.5,4,0,4,0.03,1,1,1,2250.1,831.55,2370.5,620.4486667,2490.9,288.546,2519.125,0.75,4776.725333,1.753333333,7155.127,2.756666667,9654.33,3.76
58,28,3520,3,PQ (Gens at Var Limit),ng,ST (Steam Turbine),387,75,1,0,0,8,4.5,4,0,4,0.03,1,1,1,2248.6,839.48,2373.4,616.088,2498.2,262.904,2525.93,0.75,4864.474,1.79,7332.81,2.83,9930.938,3.87
59,28,3520,4,PQ (Gens at Var Limit),ng,ST (Steam Turbine),387,75,1,0,0,8,4.5,4,0,4,0.03,1,1,1,2248.6,839.48,2373.4,616.088,2498.2,262.904,2525.93,0.75,4864.474,1.79,7332.81,2.83,9930.938,3.87
60,29,3521,1,PQ (Gens at Var Limit),ng,CA (Combined Cycle Steam Part),89.8,37.5,1,0,0,2,2,4,0,4,0.03,1,1,1,1250.486667,2183.94,1362.06,2122.649049,1473.633333,2041.907147,2652.8725,0.375,2870.874009,0.549333333,3108.326469,0.723666667,3365.22988,0.898
61,29,3521,2,PQ (Gens at Var Limit),ng,CA (Combined Cycle Steam Part),89.8,37.5,1,0,0,2,2,4,0,4,0.03,1,1,1,1250.486667,2183.94,1362.06,2122.649049,1473.633333,2041.907147,2652.8725,0.375,2870.874009,0.549333333,3108.326469,0.723666667,3365.22988,0.898
62,29,3521,3,PQ (Gens at Var Limit),ng,CT (Combined Cycle Combustion Turbine Part),60,35,1,0,0,2,2,1,1,4,0.03,1,1,1,1903.066667,-29.04333333,1991.4,-67.32111111,2079.733333,-112.96,637.03,0.35,795.6188889,0.433333333,961.5688889,0.516666667,1134.88,0.6
63,29,3521,4,PQ (Gens at Var Limit),ng,GT (Gas Turbine),60,35,1,0,0,2,2,1,1,4,0.03,1,1,1,1903.066667,-29.04333333,1991.4,-67.32111111,2079.733333,-112.96,637.03,0.35,795.6188889,0.433333333,961.5688889,0.516666667,1134.88,0.6
64,29,3521,5,PQ (Gens at Var Limit),ng,CT (Combined Cycle Combustion Turbine Part),33.7,15,1,0,0,2,2,1,1,4,0.03,1,1,1,1679.936667,34.4595,1746.01,20.42992889,1812.083333,2.281786667,286.45,0.15,391.1660522,0.212333333,500.0006756,0.274666667,612.95387,0.337
65,29,3521,6,PQ (Gens at Var Limit),ng,CT (Combined Cycle Combustion Turbine Part),33.7,15,1,0,0,2,2,1,1,4,0.03,1,1,1,1679.936667,34.4595,1746.01,20.42992889,1812.083333,2.281786667,286.45,0.15,391.1660522,0.212333333,500.0006756,0.274666667,612.95387,0.337
66,29,3521,7,PQ (Gens at Var Limit),ng,CA (Combined Cycle Steam Part),36,5,1,0,0,2,2,4,0,4,0.03,1,1,1,1595.666667,47.27666667,1705.2,30.48155556,1814.733333,2.368,127.06,0.05,291.9455556,0.153333333,468.1495556,0.256666667,655.672,0.36
67,30,3522,1,PV,ng,CT (Combined Cycle Combustion Turbine Part),179,90,1,0,0,2,2,1,1,4,0.03,1,1,1,1625.633333,1905.22,1815.5,1678.012889,2005.366667,1394.478667,3368.29,0.9,3850.561222,1.196666667,4389.159556,1.493333333,4984.085,1.79
68,30,3522,2,PV,ng,CT (Combined Cycle Combustion Turbine Part),179,90,1,0,0,2,2,1,1,4,0.03,1,1,1,1625.633333,1905.22,1815.5,1678.012889,2005.366667,1394.478667,3368.29,0.9,3850.561222,1.196666667,4389.159556,1.493333333,4984.085,1.79
69,30,3522,3,PV,ng,CA (Combined Cycle Steam Part),295.7,135,1,0,0,8,4.5,4,0,4,0.03,1,1,1,1981.073333,331.881,2259.62,-193.3651644,2538.166667,-867.8194933,3006.33,1.35,4067.524949,1.885666667,5277.928062,2.421333333,6637.53934,2.957
70,31,3523,1,PQ (Gens at Var Limit),ng,GT (Gas Turbine),25,10,1,0,0,2,2,1,1,4,0.03,1,1,1,1418.7,314.96,1444.7,311.06,1470.7,305.86,456.83,0.1,527.765,0.15,600,0.2,673.535,0.25
71,31,3523,10,PQ (Gens at Var Limit),ng,GT (Gas Turbine),42.9,10,1,0,0,2,2,1,1,4,0.03,1,1,1,1434.213333,313.4086667,1491.24,301.4520756,1548.266667,283.24156,456.83,0.1,614.1153956,0.209666667,777.6547156,0.319333333,947.44796,0.429
72,31,3523,11,PQ (Gens at Var Limit),ng,GT (Gas Turbine),42.9,10,1,0,0,2,2,1,1,4,0.03,1,1,1,1434.213333,313.4086667,1491.24,301.4520756,1548.266667,283.24156,456.83,0.1,614.1153956,0.209666667,777.6547156,0.319333333,947.44796,0.429
73,31,3523,12,PQ (Gens at Var Limit),ng,GT (Gas Turbine),42.9,10,1,0,0,2,2,1,1,4,0.03,1,1,1,1434.213333,313.4086667,1491.24,301.4520756,1548.266667,283.24156,456.83,0.1,614.1153956,0.209666667,777.6547156,0.319333333,947.44796,0.429
74,31,3523,13,PQ (Gens at Var Limit),ng,GT (Gas Turbine),42.9,10,1,0,0,2,2,1,1,4,0.03,1,1,1,1434.213333,313.4086667,1491.24,301.4520756,1548.266667,283.24156,456.83,0.1,614.1153956,0.209666667,777.6547156,0.319333333,947.44796,0.429
75,31,3523,14,PQ (Gens at Var Limit),ng,GT (Gas Turbine),42.9,10,1,0,0,2,2,1,1,4,0.03,1,1,1,1434.213333,313.4086667,1491.24,301.4520756,1548.266667,283.24156,456.83,0.1,614.1153956,0.209666667,777.6547156,0.319333333,947.44796,0.429
76,31,3523,15,PQ (Gens at Var Limit),ng,GT (Gas Turbine),42.9,10,1,0,0,2,2,1,1,4,0.03,1,1,1,1434.213333,313.4086667,1491.24,301.4520756,1548.266667,283.24156,456.83,0.1,614.1153956,0.209666667,777.6547156,0.319333333,947.44796,0.429
77,31,3523,16,PQ (Gens at Var Limit),ng,CT (Combined Cycle Combustion Turbine Part),170,90,1,0,0,2,2,1,1,4,0.03,1,1,1,1616.033333,1913.86,1786.7,1714.748889,1957.366667,1470.126667,3368.29,0.9,3799.232222,1.166666667,4275.685556,1.433333333,4797.65,1.7
78,31,3523,17,PQ (Gens at Var Limit),ng,CA (Combined Cycle Steam Part),80,65,1,0,0,2,2,4,0,4,0.03,1,1,1,1998.7,547.09,2007.7,540.79,2016.7,534.04,1846.245,0.65,1946.18,0.7,2046.565,0.75,2147.4,0.8
79,31,3523,2,PQ (Gens at Var Limit),ng,GT (Gas Turbine),25,10,1,0,0,2,2,1,1,4,0.03,1,1,1,1418.7,314.96,1444.7,311.06,1470.7,305.86,456.83,0.1,527.765,0.15,600,0.2,673.535,0.25
80,31,3523,3,PQ (Gens at Var Limit),ng,GT (Gas Turbine),25,10,1,0,0,2,2,1,1,4,0.03,1,1,1,1418.7,314.96,1444.7,311.06,1470.7,305.86,456.83,0.1,527.765,0.15,600,0.2,673.535,0.25
81,31,3523,4,PQ (Gens at Var Limit),ng,GT (Gas Turbine),21.1,7,1,0,0,2,2,1,1,4,0.03,1,1,1,1402.32,316.7306,1426.76,313.87112,1451.2,309.86296,414.893,0.07,480.80204,0.117,547.85976,0.164,616.06616,0.211
82,31,3523,5,PQ (Gens at Var Limit),ng,GT (Gas Turbine),21.1,7,1,0,0,2,2,1,1,4,0.03,1,1,1,1402.32,316.7306,1426.76,313.87112,1451.2,309.86296,414.893,0.07,480.80204,0.117,547.85976,0.164,616.06616,0.211
83,31,3523,6,PQ (Gens at Var Limit),ng,GT (Gas Turbine),22,7,1,0,0,2,2,1,1,4,0.03,1,1,1,1403.1,316.676,1429.1,313.556,1455.1,309.136,414.893,0.07,485.048,0.12,556.503,0.17,629.258,0.22
84,31,3523,7,PQ (Gens at Var Limit),ng,GT (Gas Turbine),22,7,1,0,0,2,2,1,1,4,0.03,1,1,1,1403.1,316.676,1429.1,313.556,1455.1,309.136,414.893,0.07,485.048,0.12,556.503,0.17,629.258,0.22
85,31,3523,8,PQ (Gens at Var Limit),ng,GT (Gas Turbine),42.9,10,1,0,0,2,2,1,1,4,0.03,1,1,1,1053.793333,2243.150667,1123.98,2228.434862,1194.166667,2206.02192,2348.53,0.1,2464.096002,0.209666667,2587.359142,0.319333333,2718.31942,0.429
86,31,3523,9,PQ (Gens at Var Limit),ng,GT (Gas Turbine),42.9,10,1,0,0,2,2,1,1,4,0.03,1,1,1,1905.07,586.153,1924.81,582.01418,1944.55,575.71054,776.66,0.1,985.5826767,0.209666667,1196.670173,0.319333333,1409.92249,0.429
87,32,3524,1,PQ (Gens at Var Limit),ng,CT (Combined Cycle Combustion Turbine Part),170,100,1,0,0,2,2,1,1,4,0.03,1,1,1,1669.366667,1855.193333,1818.7,1671.015556,1968.033333,1451.993333,3524.56,1,3914.078889,1.233333333,4338.442222,1.466666667,4797.65,1.7
88,32,3524,2,PQ (Gens at Var Limit),ng,CT (Combined Cycle Combustion Turbine Part),170,100,1,0,0,2,2,1,1,4,0.03,1,1,1,1669.366667,1855.193333,1818.7,1671.015556,1968.033333,1451.993333,3524.56,1,3914.078889,1.233333333,4338.442222,1.466666667,4797.65,1.7
89,32,3524,3,PQ (Gens at Var Limit),ng,CA (Combined Cycle Steam Part),255,120,1,0,0,8,4.5,4,0,4,0.03,1,1,1,1880.8,478.95,2114.8,92.85,2348.8,-398.55,2735.91,1.2,3582.27,1.65,4533.93,2.1,5590.89,2.55
90,33,3525,1,PQ (Remotely Regulated at Var Limit),ng,CT (Combined Cycle Combustion Turbine Part),170,1,1,0,0,2,2,1,1,4,0.03,1,1,1,1141.366667,2248.025333,1501.9,2041.319556,1862.433333,1631.513333,2259.439,0.01,2902.408889,0.573333333,3748.479222,1.136666667,4797.65,1.7
91,33,3525,2,PQ (Remotely Regulated at Var Limit),ng,CT (Combined Cycle Combustion Turbine Part),170,1,1,0,0,2,2,1,1,4,0.03,1,1,1,1141.366667,2248.025333,1501.9,2041.319556,1862.433333,1631.513333,2259.439,0.01,2902.408889,0.573333333,3748.479222,1.136666667,4797.65,1.7
92,33,3525,3,PQ (Remotely Regulated at Var Limit),ng,CA (Combined Cycle Steam Part),188,1,1,0,0,2,2,4,0,4,0.03,1,1,1,1935.1,587.47,2047.3,516.41,2159.5,375.412,606.821,0.01,1813.033333,0.633333333,3089.183667,1.256666667,4435.272,1.88
93,34,3526,1,PV,ng,CT (Combined Cycle Combustion Turbine Part),169.2,90,1,0,0,2,2,1,1,4,0.03,1,1,1,1615.18,1914.628,1784.14,1717.95856,1953.1,1476.68368,3368.29,0.9,3794.69752,1.164,4265.71048,1.428,4781.32888,1.692
94,34,3526,2,PV,ng,CT (Combined Cycle Combustion Turbine Part),169.2,90,1,0,0,2,2,1,1,4,0.03,1,1,1,1615.18,1914.628,1784.14,1717.95856,1953.1,1476.68368,3368.29,0.9,3794.69752,1.164,4265.71048,1.428,4781.32888,1.692
95,34,3526,3,PV,ng,CT (Combined Cycle Combustion Turbine Part),169.2,90,1,0,0,2,2,1,1,4,0.03,1,1,1,1615.18,1914.628,1784.14,1717.95856,1953.1,1476.68368,3368.29,0.9,3794.69752,1.164,4265.71048,1.428,4781.32888,1.692
96,34,3526,4,PV,ng,CT (Combined Cycle Combustion Turbine Part),169.5,90,1,0,0,2,2,1,1,4,0.03,1,1,1,1615.5,1914.34,1785.1,1716.756,1954.7,1474.228,3368.29,0.9,3796.3975,1.165,4269.449,1.43,4787.4445,1.695
97,34,3526,5,PV,ng,CA (Combined Cycle Steam Part),204.5,45,1,0,0,8,4.5,4,0,4,0.03,1,1,1,2006.05,548.2825,2101.75,454.337,2197.45,309.511,1451.005,0.45,2517.554917,0.981666667,3634.985333,1.513333333,4803.29625,2.045
98,34,3526,6,PV,ng,CA (Combined Cycle Steam Part),204.5,45,1,0,0,8,4.5,4,0,4,0.03,1,1,1,2006.05,548.2825,2101.75,454.337,2197.45,309.511,1451.005,0.45,2517.554917,0.981666667,3634.985333,1.513333333,4803.29625,2.045
99,35,3527,1,PV,coal,ST (Steam Turbine),167.2,50,1,0,0,8,4,11,0,3,0.04,1,1,1,1523.853333,272.9033333,1586.36,217.2307289,1648.866667,137.1388533,1034.83,0.5,1630.148702,0.890666667,2249.886676,1.281333333,2894.04392,1.672
100,35,3527,2,PV,coal,ST (Steam Turbine),155.3,50,1,0,0,8,4,11,0,3,0.04,1,1,1,1555.49,241.525,1618.67,187.75882,1681.85,111.81646,1019.27,0.5,1565.24699,0.851,2133.40016,1.202,2723.72951,1.553
101,36,3528,1,PQ (Gens at Var Limit),rfo,GT (Gas Turbine),20.586,15.1,1,0,0,0,0,1,1,20.586,0,1,1,1,5962.528667,1949.543771,5966.186,1948.924634,5969.843333,1948.238615,2849.8856,0.151,2958.920374,0.169286667,3068.022029,0.187573333,3177.190564,0.20586
102,36,3528,10,PQ (Gens at Var Limit),ng,GT (Gas Turbine),41.9,18.6,1,0,0,2,2,1,1,4,0.03,1,1,1,1470.613333,306.10908,1511,295.4604622,1551.386667,281.6751467,579.64316,0.186,693.8607956,0.263666667,811.2151289,0.341333333,931.70616,0.419
103,36,3528,11,PQ (Gens at Var Limit),ng,GT (Gas Turbine),41.9,18.6,1,0,0,2,2,1,1,4,0.03,1,1,1,1470.613333,306.10908,1511,295.4604622,1551.386667,281.6751467,579.64316,0.186,693.8607956,0.263666667,811.2151289,0.341333333,931.70616,0.419
104,36,3528,12,PQ (Gens at Var Limit),rfo,GT (Gas Turbine),41.9,18.6,1,0,0,0,0,1,1,41.9,0,1,1,1,5975.466667,1947.1958,5991,1943.100178,6006.533333,1937.798133,3058.6326,0.186,3522.727178,0.263666667,3988.028178,0.341333333,4454.5356,0.419
105,36,3528,13,PQ (Gens at Var Limit),rfo,GT (Gas Turbine),41.9,18.6,1,0,0,0,0,1,1,41.9,0,1,1,1,5093.773333,1751.30664,5106.2,1748.030142,5118.626667,1743.788507,2698.74848,0.186,3094.364876,0.263666667,3490.946409,0.341333333,3888.49308,0.419
106,36,3528,14,PQ (Gens at Var Limit),rfo,GT (Gas Turbine),41.9,18.6,1,0,0,0,0,1,1,41.9,0,1,1,1,5093.773333,1751.30664,5106.2,1748.030142,5118.626667,1743.788507,2698.74848,0.186,3094.364876,0.263666667,3490.946409,0.341333333,3888.49308,0.419
107,36,3528,15,PQ (Gens at Var Limit),rfo,GT (Gas Turbine),41.9,18.6,1,0,0,0,0,1,1,41.9,0,1,1,1,5093.773333,1751.30664,5106.2,1748.030142,5118.626667,1743.788507,2698.74848,0.186,3094.364876,0.263666667,3490.946409,0.341333333,3888.49308,0.419
108,36,3528,16,PQ (Gens at Var Limit),rfo,GT (Gas Turbine),41.9,18.6,1,0,0,0,0,1,1,41.9,0,1,1,1,5093.773333,1751.30664,5106.2,1748.030142,5118.626667,1743.788507,2698.74848,0.186,3094.364876,0.263666667,3490.946409,0.341333333,3888.49308,0.419
109,36,3528,17,PQ (Gens at Var Limit),rfo,GT (Gas Turbine),41.9,18.6,1,0,0,0,0,1,1,41.9,0,1,1,1,5975.466667,1947.1958,5991,1943.100178,6006.533333,1937.798133,3058.6326,0.186,3522.727178,0.263666667,3988.028178,0.341333333,4454.5356,0.419
110,36,3528,18,PQ (Gens at Var Limit),rfo,GT (Gas Turbine),41.9,18.6,1,0,0,0,0,1,1,41.9,0,1,1,1,5975.466667,1947.1958,5991,1943.100178,6006.533333,1937.798133,3058.6326,0.186,3522.727178,0.263666667,3988.028178,0.341333333,4454.5356,0.419
111,36,3528,19,PQ (Gens at Var Limit),rfo,GT (Gas Turbine),41.9,18.6,1,0,0,0,0,1,1,41.9,0,1,1,1,5975.466667,1947.1958,5991,1943.100178,6006.533333,1937.798133,3058.6326,0.186,3522.727178,0.263666667,3988.028178,0.341333333,4454.5356,0.419
112,36,3528,2,PQ (Gens at Var Limit),ng,GT (Gas Turbine),20.586,15.1,1,0,0,2,2,1,1,4,0.03,1,1,1,1436.974533,312.2138055,1446.4836,310.6040473,1455.992667,308.8203999,529.19696,0.151,555.4744343,0.169286667,581.9257977,0.187573333,608.5510503,0.20586
113,36,3528,20,PQ (Gens at Var Limit),rfo,GT (Gas Turbine),23.8,17.6,1,0,0,0,0,1,1,23.8,0,1,1,1,5967.766667,1948.638667,5971.9,1947.825778,5976.033333,1946.927467,2998.9656,0.176,3122.299444,0.196666667,3245.718711,0.217333333,3369.2234,0.238
114,36,3528,21,PQ (Gens at Var Limit),rfo,GT (Gas Turbine),23.8,17.3,1,0,0,0,0,1,1,23.8,0,1,1,1,5967.266667,1948.732267,5971.6,1947.888711,5975.933333,1946.951267,2981.0694,0.173,3110.360178,0.194666667,3239.744844,0.216333333,3369.2234,0.238
115,36,3528,22,PQ (Gens at Var Limit),ng,GT (Gas Turbine),23.8,17,1,0,0,2,2,1,1,4,0.03,1,1,1,1447.993333,310.3441333,1459.78,308.0732356,1471.566667,305.5351733,556.503,0.17,589.3241822,0.192666667,622.4125289,0.215333333,655.76804,0.238
116,36,3528,23,PQ (Gens at Var Limit),ng,GT (Gas Turbine),23.8,16.9,1,0,0,2,2,1,1,4,0.03,1,1,1,1447.56,310.42352,1459.52,308.1272,1471.48,305.5558,555.06116,0.169,588.35504,0.192,621.924,0.215,655.76804,0.238
117,36,3528,3,PQ (Gens at Var Limit),ng,GT (Gas Turbine),20.586,15.1,1,0,0,2,2,1,1,4,0.03,1,1,1,1436.974533,312.2138055,1446.4836,310.6040473,1455.992667,308.8203999,529.19696,0.151,555.4744343,0.169286667,581.9257977,0.187573333,608.5510503,0.20586
118,36,3528,4,PQ (Gens at Var Limit),ng,GT (Gas Turbine),20.586,15.1,1,0,0,2,2,1,1,4,0.03,1,1,1,1436.974533,312.2138055,1446.4836,310.6040473,1455.992667,308.8203999,529.19696,0.151,555.4744343,0.169286667,581.9257977,0.187573333,608.5510503,0.20586
119,36,3528,5,PQ (Gens at Var Limit),ng,GT (Gas Turbine),20.586,15.1,1,0,0,2,2,1,1,4,0.03,1,1,1,1436.974533,312.2138055,1446.4836,310.6040473,1455.992667,308.8203999,529.19696,0.151,555.4744343,0.169286667,581.9257977,0.187573333,608.5510503,0.20586
120,36,3528,6,PQ (Gens at Var Limit),ng,GT (Gas Turbine),20.586,15.1,1,0,0,2,2,1,1,4,0.03,1,1,1,1436.974533,312.2138055,1446.4836,310.6040473,1455.992667,308.8203999,529.19696,0.151,555.4744343,0.169286667,581.9257977,0.187573333,608.5510503,0.20586
121,36,3528,7,PQ (Gens at Var Limit),ng,GT (Gas Turbine),20.586,15.1,1,0,0,2,2,1,1,4,0.03,1,1,1,1436.974533,312.2138055,1446.4836,310.6040473,1455.992667,308.8203999,529.19696,0.151,555.4744343,0.169286667,581.9257977,0.187573333,608.5510503,0.20586
122,36,3528,8,PQ (Gens at Var Limit),ng,GT (Gas Turbine),41.9,18.6,1,0,0,2,2,1,1,4,0.03,1,1,1,1470.613333,306.10908,1511,295.4604622,1551.386667,281.6751467,579.64316,0.186,693.8607956,0.263666667,811.2151289,0.341333333,931.70616,0.419
123,36,3528,9,PQ (Gens at Var Limit),ng,GT (Gas Turbine),41.9,18.6,1,0,0,2,2,1,1,4,0.03,1,1,1,1470.613333,306.10908,1511,295.4604622,1551.386667,281.6751467,579.64316,0.186,693.8607956,0.263666667,811.2151289,0.341333333,931.70616,0.419
124,37,3529,1,PV,coal,ST (Steam Turbine),21.65,4.667,1,0,0,8,4,10,0,2,0,1,1,1,1475.2945,242.1397915,1487.7487,240.8535217,1500.2029,238.8622196,310.9917858,0.04667,394.5082074,0.10328,478.7296613,0.15989,563.6561475,0.2165
125,37,3529,10,PV,coal,ST (Steam Turbine),25.6,5,1,0,0,8,4,10,0,2,0,1,1,1,1700.513333,48.70933333,1781.54,39.09416889,1862.566667,23.91517333,133.735,0.05,250.5035822,0.118666667,372.8359956,0.187333333,500.73224,0.256
126,37,3529,2,PV,coal,ST (Steam Turbine),21.65,4.667,1,0,0,8,4,10,0,2,0,1,1,1,1689.4705,49.36615422,1756.2703,42.46707087,1823.0701,31.78645085,128.2137425,0.04667,223.8546675,0.10328,323.2771291,0.15989,426.4811275,0.2165
127,37,3529,3,PV,coal,ST (Steam Turbine),21.65,4.667,1,0,0,8,4,10,0,2,0,1,1,1,1475.2945,242.1397915,1487.7487,240.8535217,1500.2029,238.8622196,310.9917858,0.04667,394.5082074,0.10328,478.7296613,0.15989,563.6561475,0.2165
128,37,3529,4,PV,coal,ST (Steam Turbine),21.65,4.667,1,0,0,8,4,10,0,2,0,1,1,1,1475.2945,242.1397915,1487.7487,240.8535217,1500.2029,238.8622196,310.9917858,0.04667,394.5082074,0.10328,478.7296613,0.15989,563.6561475,0.2165
129,37,3529,5,PV,coal,ST (Steam Turbine),21.65,4.667,1,0,0,8,4,10,0,2,0,1,1,1,1475.2945,242.1397915,1487.7487,240.8535217,1500.2029,238.8622196,310.9917858,0.04667,394.5082074,0.10328,478.7296613,0.15989,563.6561475,0.2165
130,37,3529,6,PV,coal,ST (Steam Turbine),21.65,4.667,1,0,0,8,4,10,0,2,0,1,1,1,1475.2945,242.1397915,1487.7487,240.8535217,1500.2029,238.8622196,310.9917858,0.04667,394.5082074,0.10328,478.7296613,0.15989,563.6561475,0.2165
131,37,3529,7,PV,coal,ST (Steam Turbine),25.6,5,1,0,0,8,4,10,0,2,0,1,1,1,1477.353333,242.0173333,1492.46,240.2246756,1507.566667,237.3946933,315.885,0.05,417.3299289,0.118666667,519.8121822,0.187333333,623.33176,0.256
132,37,3529,8,PV,coal,ST (Steam Turbine),25.6,5,1,0,0,8,4,10,0,2,0,1,1,1,1700.513333,48.70933333,1781.54,39.09416889,1862.566667,23.91517333,133.735,0.05,250.5035822,0.118666667,372.8359956,0.187333333,500.73224,0.256
133,37,3529,9,PV,coal,ST (Steam Turbine),25.6,5,1,0,0,8,4,10,0,2,0,1,1,1,1700.513333,48.70933333,1781.54,39.09416889,1862.566667,23.91517333,133.735,0.05,250.5035822,0.118666667,372.8359956,0.187333333,500.73224,0.256
134,39,3531,1,PQ (Gens at Var Limit),ng,CA (Combined Cycle Steam Part),40,35,1,0,0,2,2,4,0,4,0.03,1,1,1,1867.733333,-16.67666667,1885.4,-23.15444444,1903.066667,-29.92666667,637.03,0.35,668.1588889,0.366666667,699.5822222,0.383333333,731.3,0.4
135,39,3531,2,PQ (Gens at Var Limit),ng,CA (Combined Cycle Steam Part),40,35,1,0,0,2,2,4,0,4,0.03,1,1,1,1867.733333,-16.67666667,1885.4,-23.15444444,1903.066667,-29.92666667,637.03,0.35,668.1588889,0.366666667,699.5822222,0.383333333,731.3,0.4
136,39,3531,3,PQ (Gens at Var Limit),ng,CT (Combined Cycle Combustion Turbine Part),121,90,1,0,0,2,2,1,1,4,0.03,1,1,1,2048.5,506.77,2067.1,488.108,2085.7,467.524,2350.42,0.9,2562.098333,1.003333333,2775.698667,1.106666667,2991.221,1.21
137,39,3531,4,PQ (Gens at Var Limit),ng,CT (Combined Cycle Combustion Turbine Part),121,90,1,0,0,2,2,1,1,4,0.03,1,1,1,2048.5,506.77,2067.1,488.108,2085.7,467.524,2350.42,0.9,2562.098333,1.003333333,2775.698667,1.106666667,2991.221,1.21
138,40,3532,1,PQ (Remotely Regulated at Var Limit),ng,ST (Steam Turbine),114,28.5,1,0,0,2,2,4,0,4,0.03,1,1,1,2522.7,312.57,2636.7,247.59,2750.7,150.12,1031.5395,0.285,1750.509,0.57,2501.9685,0.855,3285.918,1.14
139,40,3532,2,PQ (Remotely Regulated at Var Limit),ng,ST (Steam Turbine),114,28.5,1,0,0,2,2,4,0,4,0.03,1,1,1,2522.7,312.57,2636.7,247.59,2750.7,150.12,1031.5395,0.285,1750.509,0.57,2501.9685,0.855,3285.918,1.14
140,40,3532,3,PQ (Remotely Regulated at Var Limit),rfo,GT (Gas Turbine),55,44.1,1,0,0,0,0,1,1,55,0,1,1,1,5131.266667,1738.38968,5137.08,1735.614782,5142.893333,1732.628667,4001.27828,0.441,4187.714302,0.477333333,4374.361542,0.513666667,4561.22,0.55
141,40,3532,4,PQ (Remotely Regulated at Var Limit),rfo,GT (Gas Turbine),55,40,1,0,0,0,0,1,1,55,0,1,1,1,5125.8,1740.83,5133.8,1737.23,5141.8,1733.23,3791.15,0.4,4047.44,0.45,4304.13,0.5,4561.22,0.55
142,41,3533,1,PV,coal,ST (Steam Turbine),112,40,1,0,0,8,4,10,0,3,0.04,1,1,1,1616.7,172.31,1679.1,132.374,1741.5,77.462,818.99,0.4,1206.998,0.64,1609.982,0.88,2027.942,1.12
143,43,3535,1,PQ (Gens at Var Limit),ng,CA (Combined Cycle Steam Part),56,1,1,0,0,2,2,4,0,4,0.03,1,1,1,1595.666667,50.31533333,1790,12.74422222,1984.333333,-60.45466667,66.272,0.01,358.8108889,0.193333333,686.9775556,0.376666667,1050.772,0.56
144,43,3535,2,PQ (Gens at Var Limit),ng,CT (Combined Cycle Combustion Turbine Part),108,1,1,0,0,2,2,1,1,4,0.03,1,1,1,1911.1,587.71,1975.3,564.17,2039.5,517.732,606.821,0.01,1288.446667,0.366666667,1992.970333,0.723333333,2720.392,1.08
145,47,3539,1,PQ (Remotely Regulated at Var Limit),ng,ST (Steam Turbine),100,28.5,1,0,0,2,2,4,0,4,0.03,1,1,1,2563.716667,273.0455,2673.35,215.6707222,2782.983333,132.1666667,1003.70475,0.285,1614.723889,0.523333333,2251.872306,0.761666667,2915.15,1
146,49,3541,1,PV,coal,ST (Steam Turbine),217.6,85,1,0,0,24,48,11,0,4,0.08,1,1,1,1506.52,328.548,1559.56,260.02032,1612.6,168.04896,1609.09,0.85,2274.97184,1.292,2964.29736,1.734,3677.06656,2.176
147,49,3541,2,PV,coal,ST (Steam Turbine),217.6,85,1,0,0,24,48,11,0,4,0.08,1,1,1,1506.52,328.548,1559.56,260.02032,1612.6,168.04896,1609.09,0.85,2274.97184,1.292,2964.29736,1.734,3677.06656,2.176
148,49,3541,3,PV,coal,ST (Steam Turbine),96,35,1,0,0,8,4,10,0,2,0,1,1,1,1634.3,154.32,1695.3,120.5666667,1756.3,74.41,726.325,0.35,1058.632667,0.553333333,1403.343667,0.756666667,1760.458,0.96
149,49,3541,4,PV,coal,ST (Steam Turbine),96,35,1,0,0,8,4,10,0,2,0,1,1,1,1634.3,154.32,1695.3,120.5666667,1756.3,74.41,726.325,0.35,1058.632667,0.553333333,1403.343667,0.756666667,1760.458,0.96
150,50,3542,1,PQ (Gens at Var Limit),ng,CT (Combined Cycle Combustion Turbine Part),95.2,40,1,0,0,2,2,1,1,4,0.03,1,1,1,1965.76,567.016,1998.88,547.67392,2032,522.23776,1353.32,0.4,1715.01984,0.584,2082.81376,0.768,2456.70176,0.952
151,50,3542,2,PQ (Gens at Var Limit),ng,CT (Combined Cycle Combustion Turbine Part),95.2,40,1,0,0,2,2,1,1,4,0.03,1,1,1,1965.76,567.016,1998.88,547.67392,2032,522.23776,1353.32,0.4,1715.01984,0.584,2082.81376,0.768,2456.70176,0.952
152,50,3542,3,PQ (Gens at Var Limit),ng,CA (Combined Cycle Steam Part),95.2,10,1,0,0,2,2,4,0,4,0.03,1,1,1,1920.76,584.584,1971.88,564.95392,2023,530.80576,776.66,0.1,1322.15584,0.384,1882.16976,0.668,2456.70176,0.952
153,51,3543,1,PV,ng,CA (Combined Cycle Steam Part),55,38,1,0,0,2,2,4,0,4,0.03,1,1,1,1920.733333,-36.60466667,1980.8,-62.83377778,2040.866667,-92.46666667,693.274,0.38,802.1155556,0.436666667,914.3608889,0.493333333,1030.01,0.55
154,51,3543,2,PV,ng,CT (Combined Cycle Combustion Turbine Part),92,69,1,0,0,2,2,1,1,4,0.03,1,1,1,2008.3,540.43,2022.1,529.85,2035.9,518.212,1926.157,0.69,2080.126667,0.766666667,2235.154333,0.843333333,2391.24,0.92
155,53,3545,1,PV,rfo,GT (Gas Turbine),79.5,68.1,1,0,0,0,0,1,1,79.5,0,1,1,1,5169.8,1716.05888,5175.88,1711.68736,5181.96,1707.0848,5236.69268,0.681,5433.14508,0.719,5629.82852,0.757,5826.743,0.795
156,53,3545,2,PV,rfo,GT (Gas Turbine),79.5,66.4,1,0,0,0,0,1,1,79.5,0,1,1,1,5167.533333,1717.638747,5174.52,1712.694516,5181.506667,1707.4452,5148.88088,0.664,5374.529836,0.707666667,5600.483876,0.751333333,5826.743,0.795
157,53,3545,3,PV,rfo,GT (Gas Turbine),79.5,65.9,1,0,0,0,0,1,1,79.5,0,1,1,1,5166.866667,1718.097547,5174.12,1712.988782,5181.373333,1707.5512,5123.06268,0.659,5357.293969,0.704333333,5591.854076,0.749666667,5826.743,0.795
158,55,3547,1,PV,ng,ST (Steam Turbine),147.1,40,1,0,0,2,2,4,0,4,0.03,1,1,1,2478.42,371.682,2592.66,285.20232,2706.9,157.93896,1363.05,0.4,2247.84594,0.757,3173.42556,1.114,4139.78886,1.471
159,55,3547,2,PV,ng,ST (Steam Turbine),239.4,60,1,0,0,8,4.5,4,0,4,0.03,1,1,1,2340.02,583.598,2447.66,454.64528,2555.3,261.32384,1987.61,0.6,3386.94196,1.198,4850.64264,1.796,6378.71204,2.394
160,55,3547,3,PV,ng,ST (Steam Turbine),72,20,1,0,0,2,2,4,0,4,0.03,1,1,1,2672.333333,202.4333333,2790.2,158.4297778,2908.066667,93.996,736.9,0.2,1200.104444,0.373333333,1683.739111,0.546666667,2187.804,0.72
161,55,3547,4,PV,ng,ST (Steam Turbine),73.5,20,1,0,0,2,2,4,0,4,0.03,1,1,1,2661.95,206.85,2779.65,162.3201667,2897.35,96.8005,739.24,0.2,1213.954417,0.378333333,1709.658667,0.556666667,2226.35275,0.735
162,56,3548,1,PV,ng,CA (Combined Cycle Steam Part),35.6,30,1,0,0,2,2,4,0,4,0.03,1,1,1,1815.793333,0.672,1835.58,-5.633351111,1855.366667,-12.30805333,545.41,0.3,579.3048089,0.318666667,613.5689689,0.337333333,648.20248,0.356
163,56,3548,2,PV,ng,CT (Combined Cycle Combustion Turbine Part),66.5,46,1,0,0,2,2,1,1,4,0.03,1,1,1,2011.716667,-77.46766667,2084.15,-115.7366111,2156.583333,-158.9551667,847.922,0.46,985.3893056,0.528333333,1127.806222,0.596666667,1275.17275,0.665
164,57,3549,1,PQ (Gens at Var Limit),ng,CA (Combined Cycle Steam Part),66.2,48.8,1,0,0,2,2,4,0,4,0.03,1,1,1,2035.92,-89.87744,2097.4,-123.44552,2158.88,-160.57944,903.65152,0.488,1021.73488,0.546,1143.38408,0.604,1268.59912,0.662
165,57,3549,2,PQ (Gens at Var Limit),ng,CT (Combined Cycle Combustion Turbine Part),47.7,34.3,1,0,0,2,2,1,1,4,0.03,1,1,1,1875.153333,-19.13392333,1922.5,-37.48864778,1969.846667,-57.95819,624.04367,0.343,707.8005189,0.387666667,793.6721856,0.432333333,881.65867,0.477
166,58,3550,1,PQ (Gens at Var Limit),ng,CT (Combined Cycle Combustion Turbine Part),65.5,45,1,0,0,2,2,1,1,4,0.03,1,1,1,2001.116667,-72.2825,2073.55,-109.8271111,2145.983333,-152.3213333,828.22,0.45,964.9629722,0.518333333,1106.655556,0.586666667,1253.29775,0.655
167,58,3550,2,PQ (Gens at Var Limit),ng,CA (Combined Cycle Steam Part),37.2,25,1,0,0,2,2,4,0,4,0.03,1,1,1,1774.453333,12.82666667,1817.56,0.296995556,1860.666667,-13.98568,456.44,0.25,528.6011022,0.290666667,602.5152089,0.331333333,678.18232,0.372
168,59,3551,1,PQ (Gens at Var Limit),ng,CA (Combined Cycle Steam Part),64.2,47,1,0,0,2,2,4,0,4,0.03,1,1,1,2016.486667,-80.01873333,2077.26,-112.0665378,2138.033333,-147.59868,867.73,0.47,983.3419022,0.527333333,1102.438142,0.584666667,1225.01872,0.642
169,59,3551,2,PQ (Gens at Var Limit),ng,CT (Combined Cycle Combustion Turbine Part),47.7,35,1,0,0,2,2,1,1,4,0.03,1,1,1,1881.336667,-21.43783333,1926.21,-39.04313778,1971.083333,-58.54808,637.03,0.35,716.6732522,0.392333333,798.2161422,0.434666667,881.65867,0.477
170,60,3552,1,PQ (Gens at Var Limit),ng,GT (Gas Turbine),60.5,25,1,0,0,2,2,1,1,4,0.03,1,1,1,1514.466667,294.9183333,1576,272.2535556,1637.533333,242.3073333,673.535,0.25,852.7468889,0.368333333,1039.240222,0.486666667,1233.015,0.605
171,61,3555,1,PQ (Gens at Var Limit),other,ST (Steam Turbine),59.7,7,1,0,0,0,0,4,0,59.7,0,1,1,1,0,0,0,0,0,0,0,0.07,0,0.245666667,0,0.421333333,0,0.597
172,62,3556,1,PQ (Gens at Var Limit),ng,CT (Combined Cycle Combustion Turbine Part),41.2,34.5,1,0,0,2,2,1,1,4,0.03,1,1,1,1865.436667,-15.8269,1889.11,-24.52290444,1912.783333,-33.74761333,627.74875,0.345,669.4101689,0.367333333,711.6002922,0.389666667,754.31912,0.412
173,62,3556,2,PQ (Gens at Var Limit),ng,CA (Combined Cycle Steam Part),57.4,44.5,1,0,0,2,2,4,0,4,0.03,1,1,1,1982.39,-63.7548,2027.97,-85.99784,2073.55,-110.20082,818.40875,0.445,903.65152,0.488,990.85423,0.531,1080.01688,0.574
174,63,3557,1,PQ (Gens at Var Limit),hydro,HY (Hydro),57,1,1,0,0,0,0,0,0,50,0.01,1,0,1,1616.033333,42.75066667,1847.5,-2.771111111,2078.966667,-91.5,58.911,0.01,360.5705556,0.196666667,705.4372222,0.383333333,1093.511,0.57
175,63,3557,10,PQ (Gens at Var Limit),hydro,HY (Hydro),57,1,1,0,0,0,0,0,0,50,0.01,1,0,1,1616.033333,42.75066667,1847.5,-2.771111111,2078.966667,-91.5,58.911,0.01,360.5705556,0.196666667,705.4372222,0.383333333,1093.511,0.57
176,63,3557,11,PQ (Gens at Var Limit),hydro,HY (Hydro),57,1,1,0,0,0,0,0,0,50,0.01,1,0,1,1616.033333,42.75066667,1847.5,-2.771111111,2078.966667,-91.5,58.911,0.01,360.5705556,0.196666667,705.4372222,0.383333333,1093.511,0.57
177,63,3557,12,PQ (Gens at Var Limit),hydro,HY (Hydro),57,1,1,0,0,0,0,0,0,50,0.01,1,0,1,1616.033333,42.75066667,1847.5,-2.771111111,2078.966667,-91.5,58.911,0.01,360.5705556,0.196666667,705.4372222,0.383333333,1093.511,0.57
178,63,3557,13,PQ (Gens at Var Limit),hydro,HY (Hydro),57,1,1,0,0,0,0,0,0,50,0.01,1,0,1,1616.033333,42.75066667,1847.5,-2.771111111,2078.966667,-91.5,58.911,0.01,360.5705556,0.196666667,705.4372222,0.383333333,1093.511,0.57
179,63,3557,14,PQ (Gens at Var Limit),hydro,HY (Hydro),57,1,1,0,0,0,0,0,0,50,0.01,1,0,1,1616.033333,42.75066667,1847.5,-2.771111111,2078.966667,-91.5,58.911,0.01,360.5705556,0.196666667,705.4372222,0.383333333,1093.511,0.57
180,63,3557,15,PQ (Gens at Var Limit),hydro,HY (Hydro),57,1,1,0,0,0,0,0,0,50,0.01,1,0,1,1616.033333,42.75066667,1847.5,-2.771111111,2078.966667,-91.5,58.911,0.01,360.5705556,0.196666667,705.4372222,0.383333333,1093.511,0.57
181,63,3557,16,PQ (Gens at Var Limit),hydro,HY (Hydro),57,1,1,0,0,0,0,0,0,50,0.01,1,0,1,1616.033333,42.75066667,1847.5,-2.771111111,2078.966667,-91.5,58.911,0.01,360.5705556,0.196666667,705.4372222,0.383333333,1093.511,0.57
182,63,3557,2,PQ (Gens at Var Limit),hydro,HY (Hydro),57,1,1,0,0,0,0,0,0,50,0.01,1,0,1,1616.033333,42.75066667,1847.5,-2.771111111,2078.966667,-91.5,58.911,0.01,360.5705556,0.196666667,705.4372222,0.383333333,1093.511,0.57
183,63,3557,3,PQ (Gens at Var Limit),hydro,HY (Hydro),57,1,1,0,0,0,0,0,0,50,0.01,1,0,1,1616.033333,42.75066667,1847.5,-2.771111111,2078.966667,-91.5,58.911,0.01,360.5705556,0.196666667,705.4372222,0.383333333,1093.511,0.57
184,63,3557,4,PQ (Gens at Var Limit),hydro,HY (Hydro),57,1,1,0,0,0,0,0,0,50,0.01,1,0,1,1616.033333,42.75066667,1847.5,-2.771111111,2078.966667,-91.5,58.911,0.01,360.5705556,0.196666667,705.4372222,0.383333333,1093.511,0.57
185,63,3557,5,PQ (Gens at Var Limit),hydro,HY (Hydro),57,1,1,0,0,0,0,0,0,50,0.01,1,0,1,1616.033333,42.75066667,1847.5,-2.771111111,2078.966667,-91.5,58.911,0.01,360.5705556,0.196666667,705.4372222,0.383333333,1093.511,0.57
186,63,3557,6,PQ (Gens at Var Limit),hydro,HY (Hydro),57,1,1,0,0,0,0,0,0,50,0.01,1,0,1,1616.033333,42.75066667,1847.5,-2.771111111,2078.966667,-91.5,58.911,0.01,360.5705556,0.196666667,705.4372222,0.383333333,1093.511,0.57
187,63,3557,7,PQ (Gens at Var Limit),hydro,HY (Hydro),57,1,1,0,0,0,0,0,0,50,0.01,1,0,1,1616.033333,42.75066667,1847.5,-2.771111111,2078.966667,-91.5,58.911,0.01,360.5705556,0.196666667,705.4372222,0.383333333,1093.511,0.57
188,63,3557,8,PQ (Gens at Var Limit),hydro,HY (Hydro),57,1,1,0,0,0,0,0,0,50,0.01,1,0,1,1616.033333,42.75066667,1847.5,-2.771111111,2078.966667,-91.5,58.911,0.01,360.5705556,0.196666667,705.4372222,0.383333333,1093.511,0.57
189,63,3557,9,PQ (Gens at Var Limit),hydro,HY (Hydro),57,1,1,0,0,0,0,0,0,50,0.01,1,0,1,1616.033333,42.75066667,1847.5,-2.771111111,2078.966667,-91.5,58.911,0.01,360.5705556,0.196666667,705.4372222,0.383333333,1093.511,0.57
190,64,3558,1,PQ (Gens at Var Limit),rfo,GT (Gas Turbine),56.7,41.8,1,0,0,0,0,1,1,56.7,0,1,1,1,5128.653333,1739.591227,5136.6,1735.874836,5144.546667,1731.76376,3883.36832,0.418,4138.091436,0.467666667,4393.209236,0.517333333,4648.72172,0.567
191,64,3558,10,PQ (Gens at Var Limit),rfo,GT (Gas Turbine),56.7,35.1,1,0,0,0,0,1,1,56.7,0,1,1,1,5119.72,1743.35216,5131.24,1738.4792,5142.76,1732.7768,3540.37388,0.351,3908.99372,0.423,4278.443,0.495,4648.72172,0.567
192,64,3558,2,PQ (Gens at Var Limit),rfo,GT (Gas Turbine),56.7,40.4,1,0,0,0,0,1,1,56.7,0,1,1,1,5126.786667,1740.416667,5135.48,1736.432222,5144.173333,1731.97544,3811.63848,0.404,4090.193889,0.458333333,4369.221636,0.512666667,4648.72172,0.567
193,64,3558,3,PQ (Gens at Var Limit),rfo,GT (Gas Turbine),56.7,40.3,1,0,0,0,0,1,1,56.7,0,1,1,1,5126.653333,1740.474827,5135.4,1736.471769,5144.146667,1731.99056,3806.51612,0.403,4086.773169,0.457666667,4367.508369,0.512333333,4648.72172,0.567
194,64,3558,4,PQ (Gens at Var Limit),rfo,GT (Gas Turbine),56.7,40.1,1,0,0,0,0,1,1,56.7,0,1,1,1,5126.386667,1740.590827,5135.24,1736.550756,5144.093333,1732.0208,3796.27188,0.401,4079.931942,0.456333333,4364.081889,0.511666667,4648.72172,0.567
195,64,3558,5,PQ (Gens at Var Limit),rfo,GT (Gas Turbine),56.7,38.5,1,0,0,0,0,1,1,56.7,0,1,1,1,5124.253333,1741.503467,5133.96,1737.177529,5143.666667,1732.26272,3714.341,0.385,4025.212369,0.445666667,4336.672609,0.506333333,4648.72172,0.567
196,64,3558,6,PQ (Gens at Var Limit),rfo,GT (Gas Turbine),56.7,37.6,1,0,0,0,0,1,1,56.7,0,1,1,1,5123.053333,1742.004827,5133.24,1737.526089,5143.426667,1732.3988,3668.27288,0.376,3994.440609,0.439666667,4321.256889,0.503333333,4648.72172,0.567
197,64,3558,7,PQ (Gens at Var Limit),rfo,GT (Gas Turbine),56.7,36.8,1,0,0,0,0,1,1,56.7,0,1,1,1,5121.986667,1742.443227,5132.6,1737.833502,5143.213333,1732.51976,3627.33432,0.368,3967.092769,0.434333333,4307.555236,0.500666667,4648.72172,0.567
198,64,3558,8,PQ (Gens at Var Limit),rfo,GT (Gas Turbine),56.7,35.9,1,0,0,0,0,1,1,56.7,0,1,1,1,5120.786667,1742.928267,5131.88,1738.176622,5142.973333,1732.65584,3581.29068,0.359,3936.331889,0.428333333,4292.142236,0.497666667,4648.72172,0.567
199,64,3558,9,PQ (Gens at Var Limit),rfo,GT (Gas Turbine),56.7,35.8,1,0,0,0,0,1,1,56.7,0,1,1,1,5120.653333,1742.981627,5131.8,1738.214569,5142.946667,1732.67096,3576.17552,0.358,3932.914369,0.427666667,4290.429769,0.497333333,4648.72172,0.567
200,65,3559,1,PV,ng,CT (Combined Cycle Combustion Turbine Part),39.4,34,1,0,0,2,2,1,1,4,0.03,1,1,1,1857.84,-13.1716,1876.92,-20.00224,1896,-27.17632,618.494,0.34,651.93512,0.358,685.71968,0.376,719.84768,0.394
201,65,3559,2,PV,ng,CA (Combined Cycle Steam Part),56.6,44,1,0,0,2,2,4,0,4,0.03,1,1,1,1976.56,-61.0624,2021.08,-82.52104,2065.6,-105.84952,808.624,0.44,891.63952,0.482,976.52488,0.524,1063.28008,0.566
202,67,3562,1,PQ (Gens at Var Limit),ng,CT (Combined Cycle Combustion Turbine Part),43,32.2,1,0,0,2,2,1,1,4,0.03,1,1,1,1848.4,-9.75628,1886.56,-23.41756,1924.72,-38.4526,585.42852,0.322,651.97092,0.358,719.88708,0.394,789.177,0.43
203,67,3562,2,PQ (Gens at Var Limit),ng,CA (Combined Cycle Steam Part),55,37.8,1,0,0,2,2,4,0,4,0.03,1,1,1,1919.066667,-35.87468,1979.84,-62.33133778,2040.613333,-92.27233333,689.53252,0.378,799.5590089,0.435333333,913.0698356,0.492666667,1030.065,0.55
204,68,3563,1,PQ (Gens at Var Limit),rfo,GT (Gas Turbine),54,20,1,0,0,0,0,1,1,54,0,1,1,1,5098.866667,1750.216667,5117,1744.534889,5135.133333,1736.798,2769.99,0.2,3347.861556,0.313333333,3927.788222,0.426666667,4509.77,0.54
205,69,3564,1,PV,ng,ST (Steam Turbine),188,15,1,0,0,2,2,4,0,4,0.03,1,1,1,2319.933333,518.06,2446.8,425.8702222,2573.666667,260.5206667,866.05,0.15,2203.878222,0.726666667,3614.866222,1.303333333,5099.014,1.88
206,69,3564,2,PV,ng,ST (Steam Turbine),188,15,1,0,0,2,2,4,0,4,0.03,1,1,1,2319.933333,518.06,2446.8,425.8702222,2573.666667,260.5206667,866.05,0.15,2203.878222,0.726666667,3614.866222,1.303333333,5099.014,1.88
207,69,3564,3,PV,ng,GT (Gas Turbine),53,37,1,0,0,2,2,1,1,4,0.03,1,1,1,1559.966667,278.1353333,1587.7,266.3948889,1615.433333,253.1753333,855.323,0.37,938.5212222,0.423333333,1023.198556,0.476666667,1109.355,0.53
208,69,3564,4,PV,ng,GT (Gas Turbine),53,37,1,0,0,2,2,1,1,4,0.03,1,1,1,1559.966667,278.1353333,1587.7,266.3948889,1615.433333,253.1753333,855.323,0.37,938.5212222,0.423333333,1023.198556,0.476666667,1109.355,0.53
209,70,3565,1,PQ (Gens at Var Limit),ng,GT (Gas Turbine),53,37,1,0,0,2,2,1,1,4,0.03,1,1,1,1559.966667,278.1353333,1587.7,266.3948889,1615.433333,253.1753333,855.323,0.37,938.5212222,0.423333333,1023.198556,0.476666667,1109.355,0.53
210,70,3565,2,PQ (Gens at Var Limit),ng,GT (Gas Turbine),53,37,1,0,0,2,2,1,1,4,0.03,1,1,1,1559.966667,278.1353333,1587.7,266.3948889,1615.433333,253.1753333,855.323,0.37,938.5212222,0.423333333,1023.198556,0.476666667,1109.355,0.53
211,71,3566,1,PQ (Gens at Var Limit),rfo,GT (Gas Turbine),52.9,39.4,1,0,0,0,0,1,1,52.9,0,1,1,1,5124.44,1741.39272,5131.64,1738.23192,5138.84,1734.74712,3760.42208,0.394,3991.02188,0.439,4221.94568,0.484,4453.19348,0.529
212,72,3567,1,PQ (Gens at Var Limit),rfo,GT (Gas Turbine),52.4,41.5,1,0,0,0,0,1,1,52.4,0,1,1,1,5127.106667,1740.245733,5132.92,1737.621982,5138.733333,1734.787013,3867.995,0.415,4054.279876,0.451333333,4240.775969,0.487666667,4427.48328,0.524
213,73,3568,1,PQ (Gens at Var Limit),ng,GT (Gas Turbine),50,39.9,1,0,0,2,2,1,1,4,0.03,1,1,1,1569.933333,273.97516,1587.44,266.4006089,1604.946667,258.2366667,900.37856,0.399,953.2329822,0.432666667,1006.676796,0.466333333,1060.71,0.5
214,73,3568,2,PQ (Gens at Var Limit),ng,GT (Gas Turbine),50,39.9,1,0,0,2,2,1,1,4,0.03,1,1,1,1569.933333,273.97516,1587.44,266.4006089,1604.946667,258.2366667,900.37856,0.399,953.2329822,0.432666667,1006.676796,0.466333333,1060.71,0.5
215,74,3569,1,PV,rfo,GT (Gas Turbine),50,39.9,1,0,0,0,0,1,1,50,0,1,1,1,5124.333333,1741.41928,5129.72,1739.088649,5135.106667,1736.576667,3786.02828,0.399,3958.547502,0.432666667,4131.248076,0.466333333,4304.13,0.5
216,74,3569,2,PV,rfo,GT (Gas Turbine),50,39.9,1,0,0,0,0,1,1,50,0,1,1,1,5124.333333,1741.41928,5129.72,1739.088649,5135.106667,1736.576667,3786.02828,0.399,3958.547502,0.432666667,4131.248076,0.466333333,4304.13,0.5
217,75,3570,1,PQ (Gens at Var Limit),ng,CT (Combined Cycle Combustion Turbine Part),50,40,1,0,0,2,2,1,1,4,0.03,1,1,1,1929.566667,-40.52666667,1964.9,-55.83777778,2000.233333,-72.32666667,731.3,0.4,795.6188889,0.433333333,861.1155556,0.466666667,927.79,0.5
218,75,3570,2,PQ (Gens at Var Limit),ng,CA (Combined Cycle Steam Part),32,5,1,0,0,2,2,4,0,4,0.03,1,1,1,1588.6,47.63,1684,34.274,1779.4,12.332,127.06,0.05,270.034,0.14,421.594,0.23,581.74,0.32
219,77,3572,1,PQ (Gens at Var Limit),rfo,GT (Gas Turbine),16.3,11,1,0,0,0,0,1,1,16.3,0,1,1,1,5954.266667,1950.695667,5957.8,1950.244578,5961.333333,1949.731067,2605.665,0.11,2710.857044,0.127666667,2816.111511,0.145333333,2921.4284,0.163
220,77,3572,2,PQ (Gens at Var Limit),rfo,GT (Gas Turbine),16.3,11,1,0,0,0,0,1,1,16.3,0,1,1,1,5954.266667,1950.695667,5957.8,1950.244578,5961.333333,1949.731067,2605.665,0.11,2710.857044,0.127666667,2816.111511,0.145333333,2921.4284,0.163
221,77,3572,3,PQ (Gens at Var Limit),rfo,GT (Gas Turbine),16.3,11,1,0,0,0,0,1,1,16.3,0,1,1,1,5954.266667,1950.695667,5957.8,1950.244578,5961.333333,1949.731067,2605.665,0.11,2710.857044,0.127666667,2816.111511,0.145333333,2921.4284,0.163
222,78,3573,1,PQ (Gens at Var Limit),ng,CA (Combined Cycle Steam Part),25,10,1,0,0,2,2,4,0,4,0.03,1,1,1,1620.4,43.39,1673.4,35.44,1726.4,24.84,205.43,0.1,286.45,0.15,370.12,0.2,456.44,0.25
223,78,3573,2,PQ (Gens at Var Limit),ng,CT (Combined Cycle Combustion Turbine Part),48.8,16,1,0,0,2,2,1,1,4,0.03,1,1,1,1715.446667,28.50053333,1831.34,-2.713404444,1947.233333,-46.59834667,302.972,0.16,490.5275022,0.269333333,690.7540089,0.378666667,903.65152,0.488
224,78,3573,3,PQ (Gens at Var Limit),ng,CT (Combined Cycle Combustion Turbine Part),48.8,16,1,0,0,2,2,1,1,4,0.03,1,1,1,1715.446667,28.50053333,1831.34,-2.713404444,1947.233333,-46.59834667,302.972,0.16,490.5275022,0.269333333,690.7540089,0.378666667,903.65152,0.488
225,80,3576,1,PQ (Gens at Var Limit),ng,GT (Gas Turbine),47.3,9,1,0,0,2,2,1,1,4,0.03,1,1,1,1433.693333,313.7666,1500.08,299.3164356,1566.466667,276.3909067,442.799,0.09,625.8338489,0.217666667,817.3440622,0.345333333,1017.32964,0.473
226,80,3576,2,PQ (Gens at Var Limit),ng,ST (Steam Turbine),24.5,5,1,0,0,2,2,4,0,4,0.03,1,1,1,2723.95,83.7725,2865.65,67.477,3007.35,41.971,219.97,0.05,397.02675,0.115,583.294,0.18,778.77175,0.245
227,80,3576,3,PQ (Gens at Var Limit),ng,ST (Steam Turbine),24.5,5,1,0,0,2,2,4,0,4,0.03,1,1,1,2723.95,83.7725,2865.65,67.477,3007.35,41.971,219.97,0.05,397.02675,0.115,583.294,0.18,778.77175,0.245
228,81,3577,1,PQ (Gens at Var Limit),hydro,HY (Hydro),47,8,1,0,0,0,0,0,0,50,0.01,1,0,1,1667.7,33.554,1828.9,-0.298,1990.1,-55.106,166.97,0.08,383.771,0.21,621.528,0.34,880.241,0.47
229,82,3578,1,PQ (Gens at Var Limit),ng,GT (Gas Turbine),47,1,1,0,0,2,2,1,1,4,0.03,1,1,1,1398.766667,318.4353333,1478.5,305.4122222,1558.233333,280.1633333,332.423,0.01,546.9005556,0.163333333,773.6038889,0.316666667,1012.533,0.47
230,82,3578,2,PQ (Gens at Var Limit),ng,GT (Gas Turbine),47,1,1,0,0,2,2,1,1,4,0.03,1,1,1,1398.766667,318.4353333,1478.5,305.4122222,1558.233333,280.1633333,332.423,0.01,546.9005556,0.163333333,773.6038889,0.316666667,1012.533,0.47
231,83,3579,1,PQ (Gens at Var Limit),ng,GT (Gas Turbine),47,1,1,0,0,2,2,1,1,4,0.03,1,1,1,1398.766667,318.4353333,1478.5,305.4122222,1558.233333,280.1633333,332.423,0.01,546.9005556,0.163333333,773.6038889,0.316666667,1012.533,0.47
232,83,3579,2,PQ (Gens at Var Limit),ng,GT (Gas Turbine),47,1,1,0,0,2,2,1,1,4,0.03,1,1,1,1398.766667,318.4353333,1478.5,305.4122222,1558.233333,280.1633333,332.423,0.01,546.9005556,0.163333333,773.6038889,0.316666667,1012.533,0.47
233,84,3581,1,PQ (Gens at Var Limit),ng,GT (Gas Turbine),47,1,1,0,0,2,2,1,1,4,0.03,1,1,1,1398.766667,318.4353333,1478.5,305.4122222,1558.233333,280.1633333,332.423,0.01,546.9005556,0.163333333,773.6038889,0.316666667,1012.533,0.47
234,84,3581,2,PQ (Gens at Var Limit),ng,GT (Gas Turbine),47,1,1,0,0,2,2,1,1,4,0.03,1,1,1,1398.766667,318.4353333,1478.5,305.4122222,1558.233333,280.1633333,332.423,0.01,546.9005556,0.163333333,773.6038889,0.316666667,1012.533,0.47
235,85,3582,1,PQ (Gens at Var Limit),ng,GT (Gas Turbine),47,1,1,0,0,2,2,1,1,4,0.03,1,1,1,1398.766667,318.4353333,1478.5,305.4122222,1558.233333,280.1633333,332.423,0.01,546.9005556,0.163333333,773.6038889,0.316666667,1012.533,0.47
236,85,3582,2,PQ (Gens at Var Limit),ng,GT (Gas Turbine),47,1,1,0,0,2,2,1,1,4,0.03,1,1,1,1398.766667,318.4353333,1478.5,305.4122222,1558.233333,280.1633333,332.423,0.01,546.9005556,0.163333333,773.6038889,0.316666667,1012.533,0.47
237,86,3583,1,PQ (Gens at Var Limit),ng,GT (Gas Turbine),47,1,1,0,0,2,2,1,1,4,0.03,1,1,1,1398.766667,318.4353333,1478.5,305.4122222,1558.233333,280.1633333,332.423,0.01,546.9005556,0.163333333,773.6038889,0.316666667,1012.533,0.47
238,87,3584,1,PQ (Gens at Var Limit),ng,GT (Gas Turbine),47,1,1,0,0,2,2,1,1,4,0.03,1,1,1,1398.766667,318.4353333,1478.5,305.4122222,1558.233333,280.1633333,332.423,0.01,546.9005556,0.163333333,773.6038889,0.316666667,1012.533,0.47
239,88,3585,1,PQ (Gens at Var Limit),ng,CT (Combined Cycle Combustion Turbine Part),47,40,1,0,0,2,2,1,1,4,0.03,1,1,1,1924.266667,-38.40666667,1949,-48.87711111,1973.733333,-59.92466667,731.3,0.4,776.1995556,0.423333333,821.6762222,0.446666667,867.73,0.47
240,88,3585,2,PQ (Gens at Var Limit),ng,CA (Combined Cycle Steam Part),25,10,1,0,0,2,2,4,0,4,0.03,1,1,1,1620.4,43.39,1673.4,35.44,1726.4,24.84,205.43,0.1,286.45,0.15,370.12,0.2,456.44,0.25
241,89,3586,1,PQ (Gens at Var Limit),ng,GT (Gas Turbine),47,23,1,0,0,2,2,1,1,4,0.03,1,1,1,1494.1,300.322,1535.7,287.426,1577.3,271.202,643.965,0.23,763.493,0.31,886.349,0.39,1012.533,0.47
242,90,3587,1,PQ (Gens at Var Limit),ng,GT (Gas Turbine),46.5,5,1,0,0,2,2,1,1,4,0.03,1,1,1,1415.666667,316.4116667,1487.6,302.8642222,1559.533333,279.366,387.195,0.05,583.0288889,0.188333333,788.8135556,0.326666667,1004.549,0.465
243,91,3588,1,PV,ng,CA (Combined Cycle Steam Part),44.6,34,1,0,0,2,2,4,0,4,0.03,1,1,1,1867.026667,-16.29506667,1904.48,-30.35255111,1941.933333,-45.73338667,618.494,0.34,684.4622756,0.375333333,751.7539022,0.410666667,820.36888,0.446
244,91,3588,2,PV,ng,CT (Combined Cycle Combustion Turbine Part),46,29,1,0,0,2,2,1,1,4,0.03,1,1,1,1825.333333,-1.942666667,1885.4,-22.76577778,1945.466667,-46.99266667,527.404,0.29,630.8395556,0.346666667,737.6788889,0.403333333,847.922,0.46
245,92,3590,1,PV,wood,ST (Steam Turbine),42.1,2,1,0,0,0,0,4,0,42.1,0,1,1,1,3637.733333,187.9513333,3851.6,155.0871556,4065.466667,93.63613333,260.706,0.02,746.9496889,0.153666667,1261.780222,0.287333333,1805.1976,0.421
246,93,3592,1,PV,ng,CT (Combined Cycle Combustion Turbine Part),42,27,1,0,0,2,2,1,1,4,0.03,1,1,1,1800.6,5.548,1853.6,-11.412,1906.6,-31.022,491.71,0.27,581.74,0.32,674.42,0.37,769.75,0.42
247,93,3592,2,PV,ng,CA (Combined Cycle Steam Part),25,10,1,0,0,2,2,4,0,4,0.03,1,1,1,1620.4,43.39,1673.4,35.44,1726.4,24.84,205.43,0.1,286.45,0.15,370.12,0.2,456.44,0.25
248,95,3594,1,PV,ng,CT (Combined Cycle Combustion Turbine Part),40.9,25,1,0,0,2,2,1,1,4,0.03,1,1,1,1780.99,11.1925,1837.17,-5.83004,1893.35,-25.83012,456.44,0.25,550.83247,0.303,648.20248,0.356,748.55003,0.409
249,95,3594,2,PV,ng,CA (Combined Cycle Steam Part),22,10,1,0,0,2,2,4,0,4,0.03,1,1,1,1615.1,43.92,1657.5,37.984,1699.9,30.352,205.43,0.1,270.034,0.14,336.334,0.18,404.33,0.22
250,96,3595,1,PQ (Gens at Var Limit),other,ST (Steam Turbine),39.5,3.5,1,0,0,0,0,4,0,39.5,0,1,1,1,0,0,0,0,0,0,0,0.035,0,0.155,0,0.275,0,0.395
251,98,3598,1,PQ (Gens at Var Limit),rfo,GT (Gas Turbine),18.5,8,1,0,0,0,0,1,1,18.5,0,1,1,1,5950,1951.18,5957,1950.375,5964,1949.325,2427.18,0.08,2635.43,0.115,2843.925,0.15,3052.665,0.185
252,98,3598,2,PQ (Gens at Var Limit),rfo,GT (Gas Turbine),18.5,8,1,0,0,0,0,1,1,18.5,0,1,1,1,5950,1951.18,5957,1950.375,5964,1949.325,2427.18,0.08,2635.43,0.115,2843.925,0.15,3052.665,0.185
253,99,3599,1,PV,hydro,HY (Hydro),6.05,0.867,1,0,0,0,0,0,0,50,0.01,1,0,1,1509.362333,43.83052629,1530.7854,43.27466912,1552.208467,42.34869277,56.91669772,0.00867,82.99344763,0.025946667,109.4403167,0.043223333,136.257305,0.0605
254,99,3599,2,PV,hydro,HY (Hydro),6.05,0.867,1,0,0,0,0,0,0,50,0.01,1,0,1,1509.362333,43.83052629,1530.7854,43.27466912,1552.208467,42.34869277,56.91669772,0.00867,82.99344763,0.025946667,109.4403167,0.043223333,136.257305,0.0605
255,99,3599,3,PV,hydro,HY (Hydro),6.05,0.867,1,0,0,0,0,0,0,50,0.01,1,0,1,1509.362333,43.83052629,1530.7854,43.27466912,1552.208467,42.34869277,56.91669772,0.00867,82.99344763,0.025946667,109.4403167,0.043223333,136.257305,0.0605
256,99,3599,4,PV,hydro,HY (Hydro),6.05,0.867,1,0,0,0,0,0,0,50,0.01,1,0,1,1509.362333,43.83052629,1530.7854,43.27466912,1552.208467,42.34869277,56.91669772,0.00867,82.99344763,0.025946667,109.4403167,0.043223333,136.257305,0.0605
257,99,3599,5,PV,hydro,HY (Hydro),6.05,0.867,1,0,0,0,0,0,0,50,0.01,1,0,1,1509.362333,43.83052629,1530.7854,43.27466912,1552.208467,42.34869277,56.91669772,0.00867,82.99344763,0.025946667,109.4403167,0.043223333,136.257305,0.0605
258,99,3599,6,PV,hydro,HY (Hydro),6.05,0.867,1,0,0,0,0,0,0,50,0.01,1,0,1,1509.362333,43.83052629,1530.7854,43.27466912,1552.208467,42.34869277,56.91669772,0.00867,82.99344763,0.025946667,109.4403167,0.043223333,136.257305,0.0605
259,100,3600,1,PQ (Gens at Var Limit),hydro,HY (Hydro),9,3,1,0,0,0,0,0,0,50,0.01,1,0,1,1537.5,43.04,1562.3,41.8,1587.1,40.064,89.165,0.03,119.915,0.05,151.161,0.07,182.903,0.09
260,100,3600,2,PQ (Gens at Var Limit),hydro,HY (Hydro),9,3,1,0,0,0,0,0,0,50,0.01,1,0,1,1537.5,43.04,1562.3,41.8,1587.1,40.064,89.165,0.03,119.915,0.05,151.161,0.07,182.903,0.09
261,100,3600,3,PQ (Gens at Var Limit),hydro,HY (Hydro),9,3,1,0,0,0,0,0,0,50,0.01,1,0,1,1537.5,43.04,1562.3,41.8,1587.1,40.064,89.165,0.03,119.915,0.05,151.161,0.07,182.903,0.09
262,100,3600,4,PQ (Gens at Var Limit),hydro,HY (Hydro),9,3,1,0,0,0,0,0,0,50,0.01,1,0,1,1537.5,43.04,1562.3,41.8,1587.1,40.064,89.165,0.03,119.915,0.05,151.161,0.07,182.903,0.09
263,101,3602,1,PV,hydro,HY (Hydro),36,15,1,0,0,0,0,0,0,50,0.01,1,0,1,1717.3,23.51,1804.1,4.414,1890.9,-20.758,281.105,0.15,401.316,0.22,527.603,0.29,659.966,0.36
264,104,3606,1,PQ (Gens at Var Limit),ng,IC (Internal Combustion),4.9,2.383,1,0,0,2,2,1,1,4,0.03,1,1,1,2736.935,128.0625382,2748.681,127.6840821,2760.427,127.207077,193.2836992,0.02383,216.2465839,0.03222,239.3080175,0.04061,262.468,0.049
265,104,3606,2,PQ (Gens at Var Limit),ng,IC (Internal Combustion),4.9,2.383,1,0,0,2,2,1,1,4,0.03,1,1,1,2736.935,128.0625382,2748.681,127.6840821,2760.427,127.207077,193.2836992,0.02383,216.2465839,0.03222,239.3080175,0.04061,262.468,0.049
266,104,3606,3,PQ (Gens at Var Limit),ng,IC (Internal Combustion),4.9,2.383,1,0,0,2,2,1,1,4,0.03,1,1,1,2736.935,128.0625382,2748.681,127.6840821,2760.427,127.207077,193.2836992,0.02383,216.2465839,0.03222,239.3080175,0.04061,262.468,0.049
267,104,3606,4,PQ (Gens at Var Limit),ng,IC (Internal Combustion),4.9,2.383,1,0,0,2,2,1,1,4,0.03,1,1,1,2736.935,128.0625382,2748.681,127.6840821,2760.427,127.207077,193.2836992,0.02383,216.2465839,0.03222,239.3080175,0.04061,262.468,0.049
268,104,3606,5,PQ (Gens at Var Limit),ng,IC (Internal Combustion),4.9,2.383,1,0,0,2,2,1,1,4,0.03,1,1,1,2736.935,128.0625382,2748.681,127.6840821,2760.427,127.207077,193.2836992,0.02383,216.2465839,0.03222,239.3080175,0.04061,262.468,0.049
269,104,3606,6,PQ (Gens at Var Limit),ng,IC (Internal Combustion),4.9,2.383,1,0,0,2,2,1,1,4,0.03,1,1,1,2736.935,128.0625382,2748.681,127.6840821,2760.427,127.207077,193.2836992,0.02383,216.2465839,0.03222,239.3080175,0.04061,262.468,0.049
270,105,3609,1,PQ (Gens at Var Limit),ng,ST (Steam Turbine),26.9,5,1,0,0,2,2,4,0,4,0.03,1,1,1,2691.63,119.4335,2824.49,103.09172,2957.35,77.05116,254.015,0.05,450.50399,0.123,656.69176,0.196,872.57831,0.269
271,106,3610,1,PQ (Gens at Var Limit),hydro,HY (Hydro),26,1,1,0,0,0,0,0,0,50,0.01,1,0,1,1551.966667,43.39133333,1655.3,33.74688889,1758.633333,15.49133333,58.911,0.01,188.2415556,0.093333333,326.1832222,0.176666667,472.736,0.26
272,107,3612,1,PQ (Gens at Var Limit),hydro,HY (Hydro),25,1,1,0,0,0,0,0,0,50,0.01,1,0,1,1549.9,43.412,1649.1,34.484,1748.3,17.62,58.911,0.01,182.903,0.09,314.831,0.17,454.695,0.25
273,108,3613,1,PV,hydro,HY (Hydro),25,1,1,0,0,0,0,0,0,50,0.01,1,0,1,1549.9,43.412,1649.1,34.484,1748.3,17.62,58.911,0.01,182.903,0.09,314.831,0.17,454.695,0.25
274,109,3614,1,PQ (Gens at Var Limit),other,ST (Steam Turbine),25,3,1,0,0,0,0,4,0,25,0,1,1,1,0,0,0,0,0,0,0,0.03,0,0.103333333,0,0.176666667,0,0.25
275,109,3614,2,PQ (Gens at Var Limit),other,ST (Steam Turbine),25,3,1,0,0,0,0,4,0,25,0,1,1,1,0,0,0,0,0,0,0,0.03,0,0.103333333,0,0.176666667,0,0.25
276,110,3615,1,PV,hydro,HY (Hydro),24.6,6,1,0,0,0,0,0,0,50,0.01,1,0,1,1600.74,39.4316,1677.62,30.05224,1754.5,15.90632,135.476,0.06,234.72188,0.122,338.73432,0.184,447.51332,0.246
277,110,3615,2,PV,hydro,HY (Hydro),24.6,6,1,0,0,0,0,0,0,50,0.01,1,0,1,1600.74,39.4316,1677.62,30.05224,1754.5,15.90632,135.476,0.06,234.72188,0.122,338.73432,0.184,447.51332,0.246
278,111,3616,1,PQ (Gens at Var Limit),hydro,HY (Hydro),24,1,1,0,0,0,0,0,0,50,0.01,1,0,1,1547.833333,43.43266667,1642.9,35.19355556,1737.966667,19.666,58.911,0.01,177.5782222,0.086666667,303.5338889,0.163333333,436.778,0.24
279,112,3617,1,PQ (Gens at Var Limit),ng,CA (Combined Cycle Steam Part),7.8,3.1,1,0,0,2,2,4,0,4,0.03,1,1,1,1529.063333,50.57326667,1545.67,49.79828889,1562.276667,48.76314,97.97423,0.031,121.9295556,0.046666667,146.1450522,0.062333333,170.62072,0.078
280,112,3617,2,PQ (Gens at Var Limit),ng,CA (Combined Cycle Steam Part),7.8,3.1,1,0,0,2,2,4,0,4,0.03,1,1,1,1529.063333,50.57326667,1545.67,49.79828889,1562.276667,48.76314,97.97423,0.031,121.9295556,0.046666667,146.1450522,0.062333333,170.62072,0.078
281,112,3617,3,PQ (Gens at Var Limit),ng,CA (Combined Cycle Steam Part),7.8,3.1,1,0,0,2,2,4,0,4,0.03,1,1,1,1529.063333,50.57326667,1545.67,49.79828889,1562.276667,48.76314,97.97423,0.031,121.9295556,0.046666667,146.1450522,0.062333333,170.62072,0.078
282,113,3618,1,PV,hydro,HY (Hydro),11,1,1,0,0,0,0,0,0,50,0.01,1,0,1,1520.966667,43.70133333,1562.3,41.91022222,1603.633333,38.74133333,58.911,0.01,109.6098889,0.043333333,161.6865556,0.076666667,215.141,0.11
283,113,3618,2,PV,hydro,HY (Hydro),11,1,1,0,0,0,0,0,0,50,0.01,1,0,1,1520.966667,43.70133333,1562.3,41.91022222,1603.633333,38.74133333,58.911,0.01,109.6098889,0.043333333,161.6865556,0.076666667,215.141,0.11
284,114,3619,1,PQ (Gens at Var Limit),ng,GT (Gas Turbine),22,16,1,0,0,2,2,1,1,4,0.03,1,1,1,1442.1,311.372,1452.5,309.5,1462.9,307.42,542.108,0.16,570.95,0.18,600,0.2,629.258,0.22
285,114,3619,10,PQ (Gens at Var Limit),ng,GT (Gas Turbine),22,16,1,0,0,2,2,1,1,4,0.03,1,1,1,1442.1,311.372,1452.5,309.5,1462.9,307.42,542.108,0.16,570.95,0.18,600,0.2,629.258,0.22
286,114,3619,11,PQ (Gens at Var Limit),ng,GT (Gas Turbine),22,16,1,0,0,2,2,1,1,4,0.03,1,1,1,1442.1,311.372,1452.5,309.5,1462.9,307.42,542.108,0.16,570.95,0.18,600,0.2,629.258,0.22
287,114,3619,12,PQ (Gens at Var Limit),ng,GT (Gas Turbine),22,16,1,0,0,2,2,1,1,4,0.03,1,1,1,1442.1,311.372,1452.5,309.5,1462.9,307.42,542.108,0.16,570.95,0.18,600,0.2,629.258,0.22
288,114,3619,13,PQ (Gens at Var Limit),ng,GT (Gas Turbine),22,16,1,0,0,2,2,1,1,4,0.03,1,1,1,1442.1,311.372,1452.5,309.5,1462.9,307.42,542.108,0.16,570.95,0.18,600,0.2,629.258,0.22
289,114,3619,14,PQ (Gens at Var Limit),ng,GT (Gas Turbine),22,16,1,0,0,2,2,1,1,4,0.03,1,1,1,1442.1,311.372,1452.5,309.5,1462.9,307.42,542.108,0.16,570.95,0.18,600,0.2,629.258,0.22
290,114,3619,15,PQ (Gens at Var Limit),ng,GT (Gas Turbine),22,16,1,0,0,2,2,1,1,4,0.03,1,1,1,1442.1,311.372,1452.5,309.5,1462.9,307.42,542.108,0.16,570.95,0.18,600,0.2,629.258,0.22
291,114,3619,16,PQ (Gens at Var Limit),ng,GT (Gas Turbine),22,15.8,1,0,0,2,2,1,1,4,0.03,1,1,1,1441.233333,311.5203733,1451.98,309.6003022,1462.726667,307.4581333,539.23524,0.158,569.0207289,0.178666667,599.0283156,0.199333333,629.258,0.22
292,114,3619,2,PQ (Gens at Var Limit),ng,GT (Gas Turbine),22,16,1,0,0,2,2,1,1,4,0.03,1,1,1,1442.1,311.372,1452.5,309.5,1462.9,307.42,542.108,0.16,570.95,0.18,600,0.2,629.258,0.22
293,114,3619,3,PQ (Gens at Var Limit),ng,GT (Gas Turbine),22,16,1,0,0,2,2,1,1,4,0.03,1,1,1,1442.1,311.372,1452.5,309.5,1462.9,307.42,542.108,0.16,570.95,0.18,600,0.2,629.258,0.22
294,114,3619,4,PQ (Gens at Var Limit),ng,GT (Gas Turbine),22,16,1,0,0,2,2,1,1,4,0.03,1,1,1,1442.1,311.372,1452.5,309.5,1462.9,307.42,542.108,0.16,570.95,0.18,600,0.2,629.258,0.22
295,114,3619,5,PQ (Gens at Var Limit),ng,GT (Gas Turbine),22,16,1,0,0,2,2,1,1,4,0.03,1,1,1,1442.1,311.372,1452.5,309.5,1462.9,307.42,542.108,0.16,570.95,0.18,600,0.2,629.258,0.22
296,114,3619,6,PQ (Gens at Var Limit),ng,GT (Gas Turbine),22,16,1,0,0,2,2,1,1,4,0.03,1,1,1,1442.1,311.372,1452.5,309.5,1462.9,307.42,542.108,0.16,570.95,0.18,600,0.2,629.258,0.22
297,114,3619,7,PQ (Gens at Var Limit),ng,GT (Gas Turbine),22,16,1,0,0,2,2,1,1,4,0.03,1,1,1,1442.1,311.372,1452.5,309.5,1462.9,307.42,542.108,0.16,570.95,0.18,600,0.2,629.258,0.22
298,114,3619,8,PQ (Gens at Var Limit),ng,GT (Gas Turbine),22,16,1,0,0,2,2,1,1,4,0.03,1,1,1,1442.1,311.372,1452.5,309.5,1462.9,307.42,542.108,0.16,570.95,0.18,600,0.2,629.258,0.22
299,114,3619,9,PQ (Gens at Var Limit),ng,GT (Gas Turbine),22,16,1,0,0,2,2,1,1,4,0.03,1,1,1,1442.1,311.372,1452.5,309.5,1462.9,307.42,542.108,0.16,570.95,0.18,600,0.2,629.258,0.22
300,115,3620,1,PV,hydro,HY (Hydro),22,0.1,1,0,0,0,0,0,0,50,0.01,1,0,1,1534.4,43.92412,1624.92,37.22564,1715.44,23.9192,45.45852,0.001,157.46972,0.074,276.08888,0.147,401.316,0.22
301,115,3620,2,PV,hydro,HY (Hydro),22,0.1,1,0,0,0,0,0,0,50,0.01,1,0,1,1534.4,43.92412,1624.92,37.22564,1715.44,23.9192,45.45852,0.001,157.46972,0.074,276.08888,0.147,401.316,0.22
302,117,3625,1,PQ (Gens at Var Limit),hydro,HY (Hydro),21,1,1,0,0,0,0,0,0,50,0.01,1,0,1,1541.633333,43.49466667,1624.3,37.15688889,1706.966667,25.308,58.911,0.01,161.6865556,0.076666667,269.9732222,0.143333333,383.771,0.21
303,118,3627,1,PQ (Gens at Var Limit),rfo,GT (Gas Turbine),20,16,1,0,0,0,0,1,1,20,0,1,1,1,5084.466667,1753.011333,5086.6,1752.641556,5088.733333,1752.243333,2566.526,0.16,2634.318889,0.173333333,2702.140222,0.186666667,2769.99,0.2
304,118,3627,10,PQ (Gens at Var Limit),rfo,GT (Gas Turbine),20,16,1,0,0,0,0,1,1,20,0,1,1,1,5084.466667,1753.011333,5086.6,1752.641556,5088.733333,1752.243333,2566.526,0.16,2634.318889,0.173333333,2702.140222,0.186666667,2769.99,0.2
305,118,3627,11,PQ (Gens at Var Limit),rfo,GT (Gas Turbine),20,16,1,0,0,0,0,1,1,20,0,1,1,1,5084.466667,1753.011333,5086.6,1752.641556,5088.733333,1752.243333,2566.526,0.16,2634.318889,0.173333333,2702.140222,0.186666667,2769.99,0.2
306,118,3627,12,PQ (Gens at Var Limit),rfo,GT (Gas Turbine),20,16,1,0,0,0,0,1,1,20,0,1,1,1,5084.466667,1753.011333,5086.6,1752.641556,5088.733333,1752.243333,2566.526,0.16,2634.318889,0.173333333,2702.140222,0.186666667,2769.99,0.2
307,118,3627,13,PQ (Gens at Var Limit),rfo,GT (Gas Turbine),20,16,1,0,0,0,0,1,1,20,0,1,1,1,5084.466667,1753.011333,5086.6,1752.641556,5088.733333,1752.243333,2566.526,0.16,2634.318889,0.173333333,2702.140222,0.186666667,2769.99,0.2
308,118,3627,14,PQ (Gens at Var Limit),rfo,GT (Gas Turbine),20,15.6,1,0,0,0,0,1,1,20,0,1,1,1,5083.933333,1753.10008,5086.28,1752.699582,5088.626667,1752.264667,2546.19368,0.156,2620.758036,0.170666667,2695.356809,0.185333333,2769.99,0.2
309,118,3627,15,PQ (Gens at Var Limit),rfo,GT (Gas Turbine),20,15.6,1,0,0,0,0,1,1,20,0,1,1,1,5083.933333,1753.10008,5086.28,1752.699582,5088.626667,1752.264667,2546.19368,0.156,2620.758036,0.170666667,2695.356809,0.185333333,2769.99,0.2
310,118,3627,16,PQ (Gens at Var Limit),rfo,GT (Gas Turbine),20,14.6,1,0,0,0,0,1,1,20,0,1,1,1,5082.6,1753.31448,5085.48,1752.84216,5088.36,1752.318,2495.37408,0.146,2586.86088,0.164,2678.39952,0.182,2769.99,0.2
311,118,3627,2,PQ (Gens at Var Limit),rfo,GT (Gas Turbine),20,16,1,0,0,0,0,1,1,20,0,1,1,1,5084.466667,1753.011333,5086.6,1752.641556,5088.733333,1752.243333,2566.526,0.16,2634.318889,0.173333333,2702.140222,0.186666667,2769.99,0.2
312,118,3627,3,PQ (Gens at Var Limit),rfo,GT (Gas Turbine),20,16,1,0,0,0,0,1,1,20,0,1,1,1,5084.466667,1753.011333,5086.6,1752.641556,5088.733333,1752.243333,2566.526,0.16,2634.318889,0.173333333,2702.140222,0.186666667,2769.99,0.2
313,118,3627,4,PQ (Gens at Var Limit),rfo,GT (Gas Turbine),20,16,1,0,0,0,0,1,1,20,0,1,1,1,5084.466667,1753.011333,5086.6,1752.641556,5088.733333,1752.243333,2566.526,0.16,2634.318889,0.173333333,2702.140222,0.186666667,2769.99,0.2
314,118,3627,5,PQ (Gens at Var Limit),rfo,GT (Gas Turbine),20,16,1,0,0,0,0,1,1,20,0,1,1,1,5084.466667,1753.011333,5086.6,1752.641556,5088.733333,1752.243333,2566.526,0.16,2634.318889,0.173333333,2702.140222,0.186666667,2769.99,0.2
315,118,3627,6,PQ (Gens at Var Limit),rfo,GT (Gas Turbine),20,16,1,0,0,0,0,1,1,20,0,1,1,1,5084.466667,1753.011333,5086.6,1752.641556,5088.733333,1752.243333,2566.526,0.16,2634.318889,0.173333333,2702.140222,0.186666667,2769.99,0.2
316,118,3627,7,PQ (Gens at Var Limit),rfo,GT (Gas Turbine),20,16,1,0,0,0,0,1,1,20,0,1,1,1,5084.466667,1753.011333,5086.6,1752.641556,5088.733333,1752.243333,2566.526,0.16,2634.318889,0.173333333,2702.140222,0.186666667,2769.99,0.2
317,118,3627,8,PQ (Gens at Var Limit),rfo,GT (Gas Turbine),20,16,1,0,0,0,0,1,1,20,0,1,1,1,5084.466667,1753.011333,5086.6,1752.641556,5088.733333,1752.243333,2566.526,0.16,2634.318889,0.173333333,2702.140222,0.186666667,2769.99,0.2
318,118,3627,9,PQ (Gens at Var Limit),rfo,GT (Gas Turbine),20,16,1,0,0,0,0,1,1,20,0,1,1,1,5084.466667,1753.011333,5086.6,1752.641556,5088.733333,1752.243333,2566.526,0.16,2634.318889,0.173333333,2702.140222,0.186666667,2769.99,0.2
319,119,3628,1,PQ (Gens at Var Limit),hydro,PS (Hydro Pumped Storage),20,1,1,0,0,0,0,0,0,50,0.01,1,0,1,1539.566667,43.51533333,1618.1,37.75622222,1696.633333,27.02333333,58.911,0.01,156.4168889,0.073333333,258.8965556,0.136666667,366.35,0.2
320,119,3628,10,PQ (Gens at Var Limit),hydro,PS (Hydro Pumped Storage),20,1,1,0,0,0,0,0,0,50,0.01,1,0,1,1539.566667,43.51533333,1618.1,37.75622222,1696.633333,27.02333333,58.911,0.01,156.4168889,0.073333333,258.8965556,0.136666667,366.35,0.2
321,119,3628,11,PQ (Gens at Var Limit),hydro,PS (Hydro Pumped Storage),20,1,1,0,0,0,0,0,0,50,0.01,1,0,1,1539.566667,43.51533333,1618.1,37.75622222,1696.633333,27.02333333,58.911,0.01,156.4168889,0.073333333,258.8965556,0.136666667,366.35,0.2
322,119,3628,12,PQ (Gens at Var Limit),hydro,PS (Hydro Pumped Storage),20,1,1,0,0,0,0,0,0,50,0.01,1,0,1,1539.566667,43.51533333,1618.1,37.75622222,1696.633333,27.02333333,58.911,0.01,156.4168889,0.073333333,258.8965556,0.136666667,366.35,0.2
323,119,3628,2,PQ (Gens at Var Limit),hydro,PS (Hydro Pumped Storage),20,1,1,0,0,0,0,0,0,50,0.01,1,0,1,1539.566667,43.51533333,1618.1,37.75622222,1696.633333,27.02333333,58.911,0.01,156.4168889,0.073333333,258.8965556,0.136666667,366.35,0.2
324,119,3628,3,PQ (Gens at Var Limit),hydro,PS (Hydro Pumped Storage),20,1,1,0,0,0,0,0,0,50,0.01,1,0,1,1539.566667,43.51533333,1618.1,37.75622222,1696.633333,27.02333333,58.911,0.01,156.4168889,0.073333333,258.8965556,0.136666667,366.35,0.2
325,119,3628,4,PQ (Gens at Var Limit),hydro,PS (Hydro Pumped Storage),20,1,1,0,0,0,0,0,0,50,0.01,1,0,1,1539.566667,43.51533333,1618.1,37.75622222,1696.633333,27.02333333,58.911,0.01,156.4168889,0.073333333,258.8965556,0.136666667,366.35,0.2
326,119,3628,5,PQ (Gens at Var Limit),hydro,PS (Hydro Pumped Storage),20,1,1,0,0,0,0,0,0,50,0.01,1,0,1,1539.566667,43.51533333,1618.1,37.75622222,1696.633333,27.02333333,58.911,0.01,156.4168889,0.073333333,258.8965556,0.136666667,366.35,0.2
327,119,3628,6,PQ (Gens at Var Limit),hydro,PS (Hydro Pumped Storage),20,1,1,0,0,0,0,0,0,50,0.01,1,0,1,1539.566667,43.51533333,1618.1,37.75622222,1696.633333,27.02333333,58.911,0.01,156.4168889,0.073333333,258.8965556,0.136666667,366.35,0.2
328,119,3628,7,PQ (Gens at Var Limit),hydro,PS (Hydro Pumped Storage),20,1,1,0,0,0,0,0,0,50,0.01,1,0,1,1539.566667,43.51533333,1618.1,37.75622222,1696.633333,27.02333333,58.911,0.01,156.4168889,0.073333333,258.8965556,0.136666667,366.35,0.2
329,119,3628,8,PQ (Gens at Var Limit),hydro,PS (Hydro Pumped Storage),20,1,1,0,0,0,0,0,0,50,0.01,1,0,1,1539.566667,43.51533333,1618.1,37.75622222,1696.633333,27.02333333,58.911,0.01,156.4168889,0.073333333,258.8965556,0.136666667,366.35,0.2
330,119,3628,9,PQ (Gens at Var Limit),hydro,PS (Hydro Pumped Storage),20,1,1,0,0,0,0,0,0,50,0.01,1,0,1,1539.566667,43.51533333,1618.1,37.75622222,1696.633333,27.02333333,58.911,0.01,156.4168889,0.073333333,258.8965556,0.136666667,366.35,0.2
331,387,4450,1,PV,ng,CT (Combined Cycle Combustion Turbine Part),40.6,40,1,0,0,2,2,1,1,4,0.03,1,1,1,1912.96,-33.884,1915.08,-34.73624,1917.2,-35.59272,731.3,0.4,735.12592,0.402,738.95608,0.404,742.79048,0.406
332,387,4450,2,PV,ng,CA (Combined Cycle Steam Part),59.9,28.512,1,0,0,2,2,4,0,4,0.03,1,1,1,1845.579333,-7.556021888,1956.4836,-50.78059014,2067.387867,-105.6087021,518.6555576,0.28512,711.7523713,0.389746667,916.4527288,0.494373333,1132.75663,0.599
333,443,4662,1,PQ (Gens at Var Limit),rfo,GT (Gas Turbine),21.6,2,1,0,0,0,0,1,1,21.6,0,1,1,1,5066.226667,1755.093467,5076.68,1754.201449,5087.133333,1752.62648,1856.418,0.02,2187.411476,0.085333333,2519.087902,0.150666667,2851.44728,0.216
334,650,5521,1,PQ (Gens at Var Limit),hydro,HY (Hydro),14.533,0,1,0,0,0,0,0,0,50,0.01,1,0,1,1517.934867,43.97,1578.0046,41.06002188,1638.074333,35.24006565,43.97,0,117.5038247,0.048443333,193.9476276,0.096886667,273.3014085,0.14533
335,650,5521,2,PQ (Gens at Var Limit),hydro,HY (Hydro),14.533,0,1,0,0,0,0,0,0,50,0.01,1,0,1,1517.934867,43.97,1578.0046,41.06002188,1638.074333,35.24006565,43.97,0,117.5038247,0.048443333,193.9476276,0.096886667,273.3014085,0.14533
336,650,5521,3,PQ (Gens at Var Limit),hydro,HY (Hydro),14.533,0,1,0,0,0,0,0,0,50,0.01,1,0,1,1517.934867,43.97,1578.0046,41.06002188,1638.074333,35.24006565,43.97,0,117.5038247,0.048443333,193.9476276,0.096886667,273.3014085,0.14533
337,1498,8157,1,PV,ng,CA (Combined Cycle Steam Part),18.75,8.3,1,0,0,2,2,4,0,4,0.03,1,1,1,1594.341667,46.15651167,1631.265,41.80571222,1668.188333,36.16875,178.48687,0.083,234.0231047,0.117833333,290.8455022,0.152666667,348.9540625,0.1875
338,1498,8157,2,PV,ng,CA (Combined Cycle Steam Part),18.75,8.3,1,0,0,2,2,4,0,4,0.03,1,1,1,1594.341667,46.15651167,1631.265,41.80571222,1668.188333,36.16875,178.48687,0.083,234.0231047,0.117833333,290.8455022,0.152666667,348.9540625,0.1875
339,1673,8513,1,PQ (Gens at Var Limit),ng,ST (Steam Turbine),454.7,109.128,1,0,0,8,4.5,4,0,4,0.03,1,1,1,2261.223333,952.1627627,2376.414,693.7685951,2491.604667,302.6855307,3419.790562,1.09128,6024.508794,2.243186667,8761.915924,3.395093333,11632.01195,4.547
340,1673,8513,2,PQ (Gens at Var Limit),ng,ST (Steam Turbine),659.7,220,1,0,0,8,4.5,4,0,4,0.03,1,1,1,2253.27,1386.966,2341.21,1064.607273,2429.15,613.35782,6344.16,2.2,9646.70273,3.665666667,13078.13619,5.131333333,16638.46037,6.597
341,1674,8523,1,PV,ng,CT (Combined Cycle Combustion Turbine Part),183.6,125,1,0,0,2,2,1,1,4,0.03,1,1,1,1817.206667,1671.726667,1942.22,1491.040729,2067.233333,1285.93552,3943.235,1.25,4298.196036,1.445333333,4677.576342,1.640666667,5081.37592,1.836
342,1674,8523,2,PV,ng,CT (Combined Cycle Combustion Turbine Part),183.6,125,1,0,0,2,2,1,1,4,0.03,1,1,1,1817.206667,1671.726667,1942.22,1491.040729,2067.233333,1285.93552,3943.235,1.25,4298.196036,1.445333333,4677.576342,1.640666667,5081.37592,1.836
343,1674,8523,3,PV,ng,CA (Combined Cycle Steam Part),258.4,125,1,0,0,8,4.5,4,0,4,0.03,1,1,1,1905.413333,442.9833333,2136.64,51.13120889,2367.866667,-443.5397067,2824.75,1.25,3672.023796,1.694666667,4622.116382,2.139333333,5675.02776,2.584
344,1674,8523,4,PV,ng,CA (Combined Cycle Steam Part),325.2,110,1,0,0,8,4.5,4,0,4,0.03,1,1,1,1898.306667,473.9926667,2271.32,-203.8968978,2644.333333,-1149.36136,2562.13,1.1,3923.848649,1.817333333,5553.142196,2.534666667,7450.01064,3.252
345,1674,8523,5,PV,ng,CT (Combined Cycle Combustion Turbine Part),112.5,110,1,0,0,2,2,1,1,4,0.03,1,1,1,2075.95,478.315,2077.45,476.6525,2078.95,474.9775,2761.86,1.1,2779.159583,1.108333333,2796.471667,1.116666667,2813.79625,1.125
346,1674,8523,6,PV,ng,CT (Combined Cycle Combustion Turbine Part),112.5,110,1,0,0,2,2,1,1,4,0.03,1,1,1,2075.95,478.315,2077.45,476.6525,2078.95,474.9775,2761.86,1.1,2779.159583,1.108333333,2796.471667,1.116666667,2813.79625,1.125
347,1674,8523,7,PV,ng,CT (Combined Cycle Combustion Turbine Part),112.5,110,1,0,0,2,2,1,1,4,0.03,1,1,1,2075.95,478.315,2077.45,476.6525,2078.95,474.9775,2761.86,1.1,2779.159583,1.108333333,2796.471667,1.116666667,2813.79625,1.125
348,1674,8523,8,PV,ng,CT (Combined Cycle Combustion Turbine Part),112.5,110,1,0,0,2,2,1,1,4,0.03,1,1,1,2075.95,478.315,2077.45,476.6525,2078.95,474.9775,2761.86,1.1,2779.159583,1.108333333,2796.471667,1.116666667,2813.79625,1.125
349,1726,76515,1,PQ,other,ST (Steam Turbine),78.6,24,1,0,0,0,0,4,0,78.6,0,1,1,1,0,0,0,0,0,0,0,0.24,0,0.422,0,0.604,0,0.786
350,1731,76530,1,PQ (Gens at Var Limit),ng,CT (Combined Cycle Combustion Turbine Part),38.3,30.6,1,0,0,2,2,1,1,4,0.03,1,1,1,1825.863333,-2.4497,1853.07,-11.47324444,1880.276667,-21.19509333,556.26448,0.306,603.1283056,0.331666667,650.6904356,0.357333333,698.95087,0.383
351,1731,76530,2,PQ (Gens at Var Limit),ng,CA (Combined Cycle Steam Part),55.3,40.6,1,0,0,2,2,4,0,4,0.03,1,1,1,1944.23,-46.5669,1996.17,-70.1996,2048.11,-96.37736,742.79048,0.406,838.05775,0.455,935.87008,0.504,1036.22747,0.553
352,1733,76540,1,PQ (Gens at Var Limit),ng,CT (Combined Cycle Combustion Turbine Part),49.2,45,1,0,0,2,2,1,1,4,0.03,1,1,1,1972.32,-59.324,1987.16,-66.20976,2002,-73.30328,828.22,0.45,855.83248,0.464,883.65272,0.478,911.68072,0.492
353,1733,76540,2,PQ (Gens at Var Limit),ng,CA (Combined Cycle Steam Part),39,15,1,0,0,2,2,4,0,4,0.03,1,1,1,1689.3,33.055,1774.1,13.551,1858.9,-12.737,286.45,0.15,421.594,0.23,563.522,0.31,712.234,0.39
354,1735,76543,1,PQ (Gens at Var Limit),ng,CT (Combined Cycle Combustion Turbine Part),48.7,30,1,0,0,2,2,1,1,4,0.03,1,1,1,1838.936667,-6.271,1905.01,-30.21157111,1971.083333,-58.27071333,545.41,0.3,660.0370522,0.362333333,778.7826756,0.424666667,901.64687,0.487
355,1735,76543,2,PQ (Gens at Var Limit),ng,CT (Combined Cycle Combustion Turbine Part),48.7,30,1,0,0,2,2,1,1,4,0.03,1,1,1,1838.936667,-6.271,1905.01,-30.21157111,1971.083333,-58.27071333,545.41,0.3,660.0370522,0.362333333,778.7826756,0.424666667,901.64687,0.487
356,1735,76543,3,PQ (Gens at Var Limit),ng,CT (Combined Cycle Combustion Turbine Part),48.7,30,1,0,0,2,2,1,1,4,0.03,1,1,1,1838.936667,-6.271,1905.01,-30.21157111,1971.083333,-58.27071333,545.41,0.3,660.0370522,0.362333333,778.7826756,0.424666667,901.64687,0.487
357,1735,76543,4,PQ (Gens at Var Limit),ng,CA (Combined Cycle Steam Part),75.2,14,1,0,0,2,2,4,0,4,0.03,1,1,1,1920.76,583.7056,1957.48,571.07392,1994.2,550.95136,852.612,0.14,1244.44704,0.344,1643.77296,0.548,2050.58976,0.752
358,1736,76552,1,PQ (Gens at Var Limit),ng,GT (Gas Turbine),41.9,5,1,0,0,2,2,1,1,4,0.03,1,1,1,1411.68,316.611,1475.64,305.54592,1539.6,286.61376,387.195,0.05,560.83164,0.173,742.33536,0.296,931.70616,0.419
359,1811,95340,1,PQ (Gens at Var Limit),ng,GT (Gas Turbine),47,1,1,0,0,2,2,1,1,4,0.03,1,1,1,1398.766667,318.4353333,1478.5,305.4122222,1558.233333,280.1633333,332.423,0.01,546.9005556,0.163333333,773.6038889,0.316666667,1012.533,0.47
360,1812,95341,1,PQ (Gens at Var Limit),ng,GT (Gas Turbine),60.5,26,1,0,0,2,2,1,1,4,0.03,1,1,1,1518.8,293.51,1578.6,271.085,1638.4,241.783,688.398,0.26,863.06,0.375,1044.599,0.49,1233.015,0.605
361,1813,95342,1,PV,ng,GT (Gas Turbine),47.7,42,1,0,0,2,2,1,1,4,0.03,1,1,1,1577.04,270.9212,1586.92,266.58388,1596.8,262.05884,933.278,0.42,963.24176,0.439,993.39324,0.458,1023.73244,0.477
362,38,38,2,0,wind,WF (Wind Farm),149.46,0,0,0,0,1,1,0,0,999,0,0,0,0,0,0,0,0,0,0,0,0,0,0,0,0,0,0
363,42,42,5,0,wind,WF (Wind Farm),112.5,0,0,0,0,1,1,0,0,999,0,0,0,0,0,0,0,0,0,0,0,0,0,0,0,0,0,0
364,44,44,8,0,wind,WF (Wind Farm),167.7,0,0,0,0,1,1,0,0,999,0,0,0,0,0,0,0,0,0,0,0,0,0,0,0,0,0,0
365,45,45,8,0,wind,WF (Wind Farm),373.57,0,0,0,0,1,1,0,0,999,0,0,0,0,0,0,0,0,0,0,0,0,0,0,0,0,0,0
366,46,46,2,0,wind,WF (Wind Farm),129,0,0,0,0,1,1,0,0,999,0,0,0,0,0,0,0,0,0,0,0,0,0,0,0,0,0,0
367,48,48,8,0,wind,WF (Wind Farm),97.5,0,0,0,0,1,1,0,0,999,0,0,0,0,0,0,0,0,0,0,0,0,0,0,0,0,0,0
368,52,52,4,0,wind,WF (Wind Farm),7.5,0,0,0,0,1,1,0,0,999,0,0,0,0,0,0,0,0,0,0,0,0,0,0,0,0,0,0
369,95,95,9,0,wind,WF (Wind Farm),4,0,0,0,0,1,1,0,0,999,0,0,0,0,0,0,0,0,0,0,0,0,0,0,0,0,0,0
370,97,97,4,0,wind,WF (Wind Farm),52.5,0,0,0,0,1,1,0,0,999,0,0,0,0,0,0,0,0,0,0,0,0,0,0,0,0,0,0
371,100,100,4,0,wind,WF (Wind Farm),0.1,0,0,0,0,1,1,0,0,999,0,0,0,0,0,0,0,0,0,0,0,0,0,0,0,0,0,0
372,102,102,9,0,wind,WF (Wind Farm),34.5,0,0,0,0,1,1,0,0,999,0,0,0,0,0,0,0,0,0,0,0,0,0,0,0,0,0,0
373,103,103,9,0,wind,WF (Wind Farm),260.7,0,0,0,0,1,1,0,0,999,0,0,0,0,0,0,0,0,0,0,0,0,0,0,0,0,0,0
374,310,310,5,0,wind,WF (Wind Farm),1.5,0,0,0,0,1,1,0,0,999,0,0,0,0,0,0,0,0,0,0,0,0,0,0,0,0,0,0
375,311,311,5,0,wind,WF (Wind Farm),0.275,0,0,0,0,1,1,0,0,999,0,0,0,0,0,0,0,0,0,0,0,0,0,0,0,0,0,0
376,312,312,5,0,wind,WF (Wind Farm),78.4,0,0,0,0,1,1,0,0,999,0,0,0,0,0,0,0,0,0,0,0,0,0,0,0,0,0,0
377,313,313,5,0,wind,WF (Wind Farm),0.275,0,0,0,0,1,1,0,0,999,0,0,0,0,0,0,0,0,0,0,0,0,0,0,0,0,0,0
378,331,331,8,0,wind,WF (Wind Farm),39.675,0,0,0,0,1,1,0,0,999,0,0,0,0,0,0,0,0,0,0,0,0,0,0,0,0,0,0
379,375,375,5,0,wind,WF (Wind Farm),7.5,0,0,0,0,1,1,0,0,999,0,0,0,0,0,0,0,0,0,0,0,0,0,0,0,0,0,0
380,387,387,5,0,wind,WF (Wind Farm),0.1,0,0,0,0,1,1,0,0,999,0,0,0,0,0,0,0,0,0,0,0,0,0,0,0,0,0,0
381,401,401,5,0,wind,WF (Wind Farm),27.5,0,0,0,0,1,1,0,0,999,0,0,0,0,0,0,0,0,0,0,0,0,0,0,0,0,0,0
382,418,418,5,0,wind,WF (Wind Farm),0.275,0,0,0,0,1,1,0,0,999,0,0,0,0,0,0,0,0,0,0,0,0,0,0,0,0,0,0
383,449,449,9,0,wind,WF (Wind Farm),28,0,0,0,0,1,1,0,0,999,0,0,0,0,0,0,0,0,0,0,0,0,0,0,0,0,0,0
384,451,451,9,0,wind,WF (Wind Farm),46,0,0,0,0,1,1,0,0,999,0,0,0,0,0,0,0,0,0,0,0,0,0,0,0,0,0,0
385,640,640,9,0,wind,WF (Wind Farm),137.05,0,0,0,0,1,1,0,0,999,0,0,0,0,0,0,0,0,0,0,0,0,0,0,0,0,0,0
386,643,643,9,0,wind,WF (Wind Farm),30,0,0,0,0,1,1,0,0,999,0,0,0,0,0,0,0,0,0,0,0,0,0,0,0,0,0,0
387,669,669,2,0,wind,WF (Wind Farm),1.1,0,0,0,0,1,1,0,0,999,0,0,0,0,0,0,0,0,0,0,0,0,0,0,0,0,0,0
388,936,936,9,0,wind,WF (Wind Farm),11.55,0,0,0,0,1,1,0,0,999,0,0,0,0,0,0,0,0,0,0,0,0,0,0,0,0,0,0
389,1006,1006,4,0,wind,WF (Wind Farm),3.3,0,0,0,0,1,1,0,0,999,0,0,0,0,0,0,0,0,0,0,0,0,0,0,0,0,0,0
390,1414,1414,4,0,wind,WF (Wind Farm),65,0,0,0,0,1,1,0,0,999,0,0,0,0,0,0,0,0,0,0,0,0,0,0,0,0,0,0
391,1416,1416,4,0,wind,WF (Wind Farm),71.55,0,0,0,0,1,1,0,0,999,0,0,0,0,0,0,0,0,0,0,0,0,0,0,0,0,0,0
392,1483,1483,7,0,wind,WF (Wind Farm),0.1,0,0,0,0,1,1,0,0,999,0,0,0,0,0,0,0,0,0,0,0,0,0,0,0,0,0,0
393,1669,1669,5,0,wind,WF (Wind Farm),48.6,0,0,0,0,1,1,0,0,999,0,0,0,0,0,0,0,0,0,0,0,0,0,0,0,0,0,0
394,1810,1810,0,0,wind,WF (Wind Farm),0.275,0,0,0,0,1,1,0,0,999,0,0,0,0,0,0,0,0,0,0,0,0,0,0,0,0,0,0
395,1814,1814,1,0,wind,WF (Wind Farm),816,0,0,0,0,1,1,0,0,999,0,0,0,0,0,0,0,0,0,0,0,0,0,0,0,0,0,0
396,1815,1815,7,0,wind,WF (Wind Farm),1260,0,0,0,0,1,1,0,0,999,0,0,0,0,0,0,0,0,0,0,0,0,0,0,0,0,0,0
397,1816,1816,1,0,wind,WF (Wind Farm),924,0,0,0,0,1,1,0,0,999,0,0,0,0,0,0,0,0,0,0,0,0,0,0,0,0,0,0
398,1817,1817,7,0,wind,WF (Wind Farm),1230,0,0,0,0,1,1,0,0,999,0,0,0,0,0,0,0,0,0,0,0,0,0,0,0,0,0,0
399,1818,1818,7,0,wind,WF (Wind Farm),132,0,0,0,0,1,1,0,0,999,0,0,0,0,0,0,0,0,0,0,0,0,0,0,0,0,0,0
